[188月2025 20:38:12.033] [main/INFO] [cpw.mods.modlauncher.Launcher/MODLAUNCHER]: ModLauncher running: args [--username, Hamburger0abcde, --version, EMC & FE +++, --gameDir, E:\game\Minecraft\PCL2\.minecraft\versions\EMC & FE +++, --assetsDir, E:\game\Minecraft\PCL2\.minecraft\assets, --assetIndex, 17, --uuid, aeaaa8543c98460d80716cc5f3d4bdb0, --accessToken, ????????, --clientId, ${clientid}, --xuid, ${auth_xuid}, --userType, msa, --versionType, Hamburger0abcde/UzumakiBoruto, --width, 854, --height, 480, --fml.neoForgeVersion, 21.1.197, --fml.fmlVersion, 4.0.41, --fml.mcVersion, 1.21.1, --fml.neoFormVersion, 20240808.144430, --launchTarget, forgeclient]
[188月2025 20:38:12.047] [main/INFO] [cpw.mods.modlauncher.Launcher/MODLAUNCHER]: JVM identified as Azul Systems, Inc. OpenJDK 64-Bit Server VM 21.0.7+6-LTS
[188月2025 20:38:12.058] [main/INFO] [cpw.mods.modlauncher.Launcher/MODLAUNCHER]: ModLauncher 11.0.5+main.901c6ea8 starting: java version 21.0.7 by Azul Systems, Inc.; OS Windows 11 arch amd64 version 10.0
[188月2025 20:38:12.383] [main/WARN] [net.neoforged.fml.loading.FMLConfig/CORE]: Configuration file E:\game\Minecraft\PCL2\.minecraft\versions\EMC & FE +++\config\fml.toml is not correct. Correcting
[188月2025 20:38:13.965] [main/INFO] [net.neoforged.fml.loading.ImmediateWindowHandler/]: Loading ImmediateWindowProvider fmlearlywindow
[188月2025 20:38:14.363] [main/INFO] [EARLYDISPLAY/]: Trying GL version 4.6
[188月2025 20:38:14.593] [main/INFO] [EARLYDISPLAY/]: Requested GL version 4.6 got version 4.6
[188月2025 20:38:14.997] [main/INFO] [mixin/]: SpongePowered MIXIN Subsystem Version=0.8.7 Source=union:/E:/game/Minecraft/PCL2/.minecraft/libraries/net/fabricmc/sponge-mixin/0.15.2+mixin.0.8.7/sponge-mixin-0.15.2+mixin.0.8.7.jar%23175!/ Service=ModLauncher Env=CLIENT
[188月2025 20:38:15.058] [main/WARN] [net.neoforged.fml.loading.FMLConfig/CORE]: Configuration file E:\game\Minecraft\PCL2\.minecraft\versions\EMC & FE +++\config\fml.toml is not correct. Correcting
[188月2025 20:38:15.579] [pool-2-thread-1/INFO] [EARLYDISPLAY/]: GL info: Intel(R) UHD Graphics GL version 4.6.0 - Build 32.0.101.6737, Intel
[188月2025 20:42:25.166] [main/INFO] [net.neoforged.fml.loading.moddiscovery.ModDiscoverer/SCAN]: Found mod file "client-1.21.1-20240808.144430-srg.jar" [locator: production client provider +net.neoforged:neoforge:21.1.197:client]
[188月2025 20:42:25.210] [main/INFO] [net.neoforged.fml.loading.moddiscovery.ModDiscoverer/SCAN]: Found mod file "neoforge-21.1.197-universal.jar" [locator: PathBasedLocator[name=neoforge, paths=[E:\game\Minecraft\PCL2\.minecraft\libraries\net\neoforged\neoforge\21.1.197\neoforge-21.1.197-universal.jar]], reader: mod manifest]
[188月2025 20:42:25.247] [main/INFO] [net.neoforged.fml.loading.moddiscovery.ModDiscoverer/SCAN]: Found mod file "AdvancedAE-1.2.5-1.21.1.jar" [locator: {mods folder locator at E:\game\Minecraft\PCL2\.minecraft\versions\EMC & FE +++\mods}, reader: mod manifest]
[188月2025 20:42:25.277] [main/INFO] [net.neoforged.fml.loading.moddiscovery.ModDiscoverer/SCAN]: Found mod file "AE2-Things-1.4.2-beta.jar" [locator: {mods folder locator at E:\game\Minecraft\PCL2\.minecraft\versions\EMC & FE +++\mods}, reader: mod manifest]
[188月2025 20:42:25.293] [main/INFO] [net.neoforged.fml.loading.moddiscovery.ModDiscoverer/SCAN]: Found mod file "ae2ct-1.21.1-1.1.0.jar" [locator: {mods folder locator at E:\game\Minecraft\PCL2\.minecraft\versions\EMC & FE +++\mods}, reader: mod manifest]
[188月2025 20:42:25.308] [main/INFO] [net.neoforged.fml.loading.moddiscovery.ModDiscoverer/SCAN]: Found mod file "AE2MEGAThings-1.21.1-2.0.4.jar" [locator: {mods folder locator at E:\game\Minecraft\PCL2\.minecraft\versions\EMC & FE +++\mods}, reader: mod manifest]
[188月2025 20:42:25.315] [main/INFO] [net.neoforged.fml.loading.moddiscovery.ModDiscoverer/SCAN]: Found mod file "ae2wtlib-19.2.5.jar" [locator: {mods folder locator at E:\game\Minecraft\PCL2\.minecraft\versions\EMC & FE +++\mods}, reader: mod manifest]
[188月2025 20:42:25.325] [main/INFO] [net.neoforged.fml.loading.moddiscovery.ModDiscoverer/SCAN]: Found mod file "aeinfinitybooster-neoforge-1.21.1-1.0.0.52.jar" [locator: {mods folder locator at E:\game\Minecraft\PCL2\.minecraft\versions\EMC & FE +++\mods}, reader: mod manifest]
[188月2025 20:42:25.335] [main/INFO] [net.neoforged.fml.loading.moddiscovery.ModDiscoverer/SCAN]: Found mod file "alltheleaks-0.1.27-beta+1.21.1-neoforge.jar" [locator: {mods folder locator at E:\game\Minecraft\PCL2\.minecraft\versions\EMC & FE +++\mods}, reader: mod manifest]
[188月2025 20:42:25.347] [main/INFO] [net.neoforged.fml.loading.moddiscovery.ModDiscoverer/SCAN]: Found mod file "appleskin-neoforge-mc1.21-3.0.7.jar" [locator: {mods folder locator at E:\game\Minecraft\PCL2\.minecraft\versions\EMC & FE +++\mods}, reader: mod manifest]
[188月2025 20:42:25.360] [main/INFO] [net.neoforged.fml.loading.moddiscovery.ModDiscoverer/SCAN]: Found mod file "Applied-Mekanistics-1.6.2.jar" [locator: {mods folder locator at E:\game\Minecraft\PCL2\.minecraft\versions\EMC & FE +++\mods}, reader: mod manifest]
[188月2025 20:42:25.366] [main/INFO] [net.neoforged.fml.loading.moddiscovery.ModDiscoverer/SCAN]: Found mod file "appliede-1.0.8-beta.jar" [locator: {mods folder locator at E:\game\Minecraft\PCL2\.minecraft\versions\EMC & FE +++\mods}, reader: mod manifest]
[188月2025 20:42:25.380] [main/INFO] [net.neoforged.fml.loading.moddiscovery.ModDiscoverer/SCAN]: Found mod file "appliedenergistics2-19.2.15.jar" [locator: {mods folder locator at E:\game\Minecraft\PCL2\.minecraft\versions\EMC & FE +++\mods}, reader: mod manifest]
[188月2025 20:42:25.391] [main/INFO] [net.neoforged.fml.loading.moddiscovery.ModDiscoverer/SCAN]: Found mod file "architectury-13.0.8-neoforge.jar" [locator: {mods folder locator at E:\game\Minecraft\PCL2\.minecraft\versions\EMC & FE +++\mods}, reader: mod manifest]
[188月2025 20:42:25.395] [main/INFO] [net.neoforged.fml.loading.moddiscovery.ModDiscoverer/SCAN]: Found mod file "badpackets-neo-0.8.2.jar" [locator: {mods folder locator at E:\game\Minecraft\PCL2\.minecraft\versions\EMC & FE +++\mods}, reader: mod manifest]
[188月2025 20:42:25.408] [main/INFO] [net.neoforged.fml.loading.moddiscovery.ModDiscoverer/SCAN]: Found mod file "bellsandwhistles-0.4.7-1.21.1.jar" [locator: {mods folder locator at E:\game\Minecraft\PCL2\.minecraft\versions\EMC & FE +++\mods}, reader: mod manifest]
[188月2025 20:42:25.414] [main/INFO] [net.neoforged.fml.loading.moddiscovery.ModDiscoverer/SCAN]: Found mod file "BetterTitleScreen-neoforge-1.21-1.14.0.jar" [locator: {mods folder locator at E:\game\Minecraft\PCL2\.minecraft\versions\EMC & FE +++\mods}, reader: mod manifest]
[188月2025 20:42:25.427] [main/INFO] [net.neoforged.fml.loading.moddiscovery.ModDiscoverer/SCAN]: Found mod file "bigger_ae2-1.21.1-1.4.8.jar" [locator: {mods folder locator at E:\game\Minecraft\PCL2\.minecraft\versions\EMC & FE +++\mods}, reader: mod manifest]
[188月2025 20:42:25.433] [main/INFO] [net.neoforged.fml.loading.moddiscovery.ModDiscoverer/SCAN]: Found mod file "bookshelf-neoforge-1.21.1-21.1.67.jar" [locator: {mods folder locator at E:\game\Minecraft\PCL2\.minecraft\versions\EMC & FE +++\mods}, reader: mod manifest]
[188月2025 20:42:25.458] [main/INFO] [net.neoforged.fml.loading.moddiscovery.ModDiscoverer/SCAN]: Found mod file "BrandonsCore-1.21.1-3.2.1.307.jar" [locator: {mods folder locator at E:\game\Minecraft\PCL2\.minecraft\versions\EMC & FE +++\mods}, reader: mod manifest]
[188月2025 20:42:25.468] [main/INFO] [net.neoforged.fml.loading.moddiscovery.ModDiscoverer/SCAN]: Found mod file "buildinggadgets2-1.3.9.jar" [locator: {mods folder locator at E:\game\Minecraft\PCL2\.minecraft\versions\EMC & FE +++\mods}, reader: mod manifest]
[188月2025 20:42:25.476] [main/INFO] [net.neoforged.fml.loading.moddiscovery.ModDiscoverer/SCAN]: Found mod file "carryon-neoforge-1.21.1-2.2.2.11.jar" [locator: {mods folder locator at E:\game\Minecraft\PCL2\.minecraft\versions\EMC & FE +++\mods}, reader: mod manifest]
[188月2025 20:42:25.484] [main/INFO] [net.neoforged.fml.loading.moddiscovery.ModDiscoverer/SCAN]: Found mod file "chat_heads-0.13.20-neoforge-1.21.jar" [locator: {mods folder locator at E:\game\Minecraft\PCL2\.minecraft\versions\EMC & FE +++\mods}, reader: mod manifest]
[188月2025 20:42:25.497] [main/INFO] [net.neoforged.fml.loading.moddiscovery.ModDiscoverer/SCAN]: Found mod file "ChatImage-1.4.7+1.21.0+neoforge.jar" [locator: {mods folder locator at E:\game\Minecraft\PCL2\.minecraft\versions\EMC & FE +++\mods}, reader: mod manifest]
[188月2025 20:42:25.512] [main/INFO] [net.neoforged.fml.loading.moddiscovery.ModDiscoverer/SCAN]: Found mod file "cloth-config-15.0.140-neoforge.jar" [locator: {mods folder locator at E:\game\Minecraft\PCL2\.minecraft\versions\EMC & FE +++\mods}, reader: mod manifest]
[188月2025 20:42:25.542] [main/INFO] [net.neoforged.fml.loading.moddiscovery.ModDiscoverer/SCAN]: Found mod file "CodeChickenLib-1.21.1-4.6.1.524.jar" [locator: {mods folder locator at E:\game\Minecraft\PCL2\.minecraft\versions\EMC & FE +++\mods}, reader: mod manifest]
[188月2025 20:42:25.547] [main/INFO] [net.neoforged.fml.loading.moddiscovery.ModDiscoverer/SCAN]: Found mod file "commoncapabilities-1.21.1-neoforge-2.9.12.jar" [locator: {mods folder locator at E:\game\Minecraft\PCL2\.minecraft\versions\EMC & FE +++\mods}, reader: mod manifest]
[188月2025 20:42:25.575] [main/INFO] [net.neoforged.fml.loading.moddiscovery.ModDiscoverer/SCAN]: Found mod file "configured-neoforge-1.21.1-2.6.0.jar" [locator: {mods folder locator at E:\game\Minecraft\PCL2\.minecraft\versions\EMC & FE +++\mods}, reader: mod manifest]
[188月2025 20:42:25.582] [main/INFO] [net.neoforged.fml.loading.moddiscovery.ModDiscoverer/SCAN]: Found mod file "connectedglass-1.1.14-neoforge-mc1.21.jar" [locator: {mods folder locator at E:\game\Minecraft\PCL2\.minecraft\versions\EMC & FE +++\mods}, reader: mod manifest]
[188月2025 20:42:25.591] [main/INFO] [net.neoforged.fml.loading.moddiscovery.ModDiscoverer/SCAN]: Found mod file "ConstructionSticks-1.21.1-1.2.2.jar" [locator: {mods folder locator at E:\game\Minecraft\PCL2\.minecraft\versions\EMC & FE +++\mods}, reader: mod manifest]
[188月2025 20:42:25.597] [main/INFO] [net.neoforged.fml.loading.moddiscovery.ModDiscoverer/SCAN]: Found mod file "coroutil-neoforge-1.21.0-1.3.8.jar" [locator: {mods folder locator at E:\game\Minecraft\PCL2\.minecraft\versions\EMC & FE +++\mods}, reader: mod manifest]
[188月2025 20:42:25.612] [main/INFO] [net.neoforged.fml.loading.moddiscovery.ModDiscoverer/SCAN]: Found mod file "create-1.21.1-6.0.6.jar" [locator: {mods folder locator at E:\game\Minecraft\PCL2\.minecraft\versions\EMC & FE +++\mods}, reader: mod manifest]
[188月2025 20:42:25.619] [main/INFO] [net.neoforged.fml.loading.moddiscovery.ModDiscoverer/SCAN]: Found mod file "create-dragons-plus-1.6.1.jar" [locator: {mods folder locator at E:\game\Minecraft\PCL2\.minecraft\versions\EMC & FE +++\mods}, reader: mod manifest]
[188月2025 20:42:25.633] [main/INFO] [net.neoforged.fml.loading.moddiscovery.ModDiscoverer/SCAN]: Found mod file "create-enchantment-industry-2.1.7.jar" [locator: {mods folder locator at E:\game\Minecraft\PCL2\.minecraft\versions\EMC & FE +++\mods}, reader: mod manifest]
[188月2025 20:42:25.645] [main/INFO] [net.neoforged.fml.loading.moddiscovery.ModDiscoverer/SCAN]: Found mod file "create-stuff-additions1.21.1_v2.1.0e.jar" [locator: {mods folder locator at E:\game\Minecraft\PCL2\.minecraft\versions\EMC & FE +++\mods}, reader: mod manifest]
[188月2025 20:42:25.660] [main/INFO] [net.neoforged.fml.loading.moddiscovery.ModDiscoverer/SCAN]: Found mod file "create_connected-1.1.6-mc1.21.1.jar" [locator: {mods folder locator at E:\game\Minecraft\PCL2\.minecraft\versions\EMC & FE +++\mods}, reader: mod manifest]
[188月2025 20:42:25.667] [main/INFO] [net.neoforged.fml.loading.moddiscovery.ModDiscoverer/SCAN]: Found mod file "create_things_and_misc-4.0-neoforge-1.21.1.jar" [locator: {mods folder locator at E:\game\Minecraft\PCL2\.minecraft\versions\EMC & FE +++\mods}, reader: mod manifest]
[188月2025 20:42:25.682] [main/INFO] [net.neoforged.fml.loading.moddiscovery.ModDiscoverer/SCAN]: Found mod file "createaddition-1.5.1.jar" [locator: {mods folder locator at E:\game\Minecraft\PCL2\.minecraft\versions\EMC & FE +++\mods}, reader: mod manifest]
[188月2025 20:42:25.695] [main/INFO] [net.neoforged.fml.loading.moddiscovery.ModDiscoverer/SCAN]: Found mod file "createliquidfuel-2.1.1-1.21.1.jar" [locator: {mods folder locator at E:\game\Minecraft\PCL2\.minecraft\versions\EMC & FE +++\mods}, reader: mod manifest]
[188月2025 20:42:25.702] [main/INFO] [net.neoforged.fml.loading.moddiscovery.ModDiscoverer/SCAN]: Found mod file "CTM-1.21-1.2.1+3.jar" [locator: {mods folder locator at E:\game\Minecraft\PCL2\.minecraft\versions\EMC & FE +++\mods}, reader: mod manifest]
[188月2025 20:42:25.720] [main/INFO] [net.neoforged.fml.loading.moddiscovery.ModDiscoverer/SCAN]: Found mod file "curios-neoforge-9.5.1+1.21.1.jar" [locator: {mods folder locator at E:\game\Minecraft\PCL2\.minecraft\versions\EMC & FE +++\mods}, reader: mod manifest]
[188月2025 20:42:25.735] [main/INFO] [net.neoforged.fml.loading.moddiscovery.ModDiscoverer/SCAN]: Found gamelibrary file "CustomWindowTitle-1.21.4+v1.4.1.jar" [locator: {mods folder locator at E:\game\Minecraft\PCL2\.minecraft\versions\EMC & FE +++\mods}, reader: mod manifest]
[188月2025 20:42:25.759] [main/INFO] [net.neoforged.fml.loading.moddiscovery.ModDiscoverer/SCAN]: Found mod file "cyclopscore-1.21.1-neoforge-1.26.2-808.jar" [locator: {mods folder locator at E:\game\Minecraft\PCL2\.minecraft\versions\EMC & FE +++\mods}, reader: mod manifest]
[188月2025 20:42:25.793] [main/INFO] [net.neoforged.fml.loading.moddiscovery.ModDiscoverer/SCAN]: Found mod file "Draconic-Evolution-1.21.1-3.1.3.625.jar" [locator: {mods folder locator at E:\game\Minecraft\PCL2\.minecraft\versions\EMC & FE +++\mods}, reader: mod manifest]
[188月2025 20:42:25.801] [main/INFO] [net.neoforged.fml.loading.moddiscovery.ModDiscoverer/SCAN]: Found mod file "dummmmmmy-1.21-2.0.9-neoforge.jar" [locator: {mods folder locator at E:\game\Minecraft\PCL2\.minecraft\versions\EMC & FE +++\mods}, reader: mod manifest]
[188月2025 20:42:25.813] [main/INFO] [net.neoforged.fml.loading.moddiscovery.ModDiscoverer/SCAN]: Found mod file "dynamiclights-1.21.1.2NF.jar" [locator: {mods folder locator at E:\game\Minecraft\PCL2\.minecraft\versions\EMC & FE +++\mods}, reader: mod manifest]
[188月2025 20:42:25.830] [main/INFO] [net.neoforged.fml.loading.moddiscovery.ModDiscoverer/SCAN]: Found mod file "easydisenchanting-neoforge-1.0.1-1.21.1.jar" [locator: {mods folder locator at E:\game\Minecraft\PCL2\.minecraft\versions\EMC & FE +++\mods}, reader: mod manifest]
[188月2025 20:42:25.841] [main/INFO] [net.neoforged.fml.loading.moddiscovery.ModDiscoverer/SCAN]: Found mod file "EdivadLib-1.21-3.0.0.jar" [locator: {mods folder locator at E:\game\Minecraft\PCL2\.minecraft\versions\EMC & FE +++\mods}, reader: mod manifest]
[188月2025 20:42:25.862] [main/INFO] [net.neoforged.fml.loading.moddiscovery.ModDiscoverer/SCAN]: Found mod file "embeddium-1.0.15+mc1.21.1.jar" [locator: {mods folder locator at E:\game\Minecraft\PCL2\.minecraft\versions\EMC & FE +++\mods}, reader: mod manifest]
[188月2025 20:42:25.874] [main/INFO] [net.neoforged.fml.loading.moddiscovery.ModDiscoverer/SCAN]: Found mod file "EnchantingInfuser-v21.1.2-1.21.1-NeoForge.jar" [locator: {mods folder locator at E:\game\Minecraft\PCL2\.minecraft\versions\EMC & FE +++\mods}, reader: mod manifest]
[188月2025 20:42:25.880] [main/INFO] [net.neoforged.fml.loading.moddiscovery.ModDiscoverer/SCAN]: Found mod file "enderio-7.1.8-alpha.jar" [locator: {mods folder locator at E:\game\Minecraft\PCL2\.minecraft\versions\EMC & FE +++\mods}, reader: mod manifest]
[188月2025 20:42:25.890] [main/INFO] [net.neoforged.fml.loading.moddiscovery.ModDiscoverer/SCAN]: Found mod file "entangled-1.3.20a-neoforge-mc1.21.jar" [locator: {mods folder locator at E:\game\Minecraft\PCL2\.minecraft\versions\EMC & FE +++\mods}, reader: mod manifest]
[188月2025 20:42:25.894] [main/INFO] [net.neoforged.fml.loading.moddiscovery.ModDiscoverer/SCAN]: Found mod file "entityculling-neoforge-1.8.2-mc1.21.jar" [locator: {mods folder locator at E:\game\Minecraft\PCL2\.minecraft\versions\EMC & FE +++\mods}, reader: mod manifest]
[188月2025 20:42:25.900] [main/INFO] [net.neoforged.fml.loading.moddiscovery.ModDiscoverer/SCAN]: Found mod file "explorerscompass-edited-1.21.1-3.0.3-neoforge.jar" [locator: {mods folder locator at E:\game\Minecraft\PCL2\.minecraft\versions\EMC & FE +++\mods}, reader: mod manifest]
[188月2025 20:42:25.909] [main/INFO] [net.neoforged.fml.loading.moddiscovery.ModDiscoverer/SCAN]: Found mod file "ExtendedAE-1.21-2.2.18-neoforge.jar" [locator: {mods folder locator at E:\game\Minecraft\PCL2\.minecraft\versions\EMC & FE +++\mods}, reader: mod manifest]
[188月2025 20:42:25.915] [main/INFO] [net.neoforged.fml.loading.moddiscovery.ModDiscoverer/SCAN]: Found mod file "ExtraStorage-1.21.1-5.0.5.jar" [locator: {mods folder locator at E:\game\Minecraft\PCL2\.minecraft\versions\EMC & FE +++\mods}, reader: mod manifest]
[188月2025 20:42:25.924] [main/INFO] [net.neoforged.fml.loading.moddiscovery.ModDiscoverer/SCAN]: Found mod file "ExtremeReactors2-1.21.1-2.4.24.jar" [locator: {mods folder locator at E:\game\Minecraft\PCL2\.minecraft\versions\EMC & FE +++\mods}, reader: mod manifest]
[188月2025 20:42:25.929] [main/INFO] [net.neoforged.fml.loading.moddiscovery.ModDiscoverer/SCAN]: Found mod file "FluxNetworks-1.21.1-8.0.0.jar" [locator: {mods folder locator at E:\game\Minecraft\PCL2\.minecraft\versions\EMC & FE +++\mods}, reader: mod manifest]
[188月2025 20:42:25.939] [main/INFO] [net.neoforged.fml.loading.moddiscovery.ModDiscoverer/SCAN]: Found mod file "ftb-chunks-neoforge-2101.1.9.jar" [locator: {mods folder locator at E:\game\Minecraft\PCL2\.minecraft\versions\EMC & FE +++\mods}, reader: mod manifest]
[188月2025 20:42:25.945] [main/INFO] [net.neoforged.fml.loading.moddiscovery.ModDiscoverer/SCAN]: Found mod file "ftb-library-neoforge-2101.1.19.jar" [locator: {mods folder locator at E:\game\Minecraft\PCL2\.minecraft\versions\EMC & FE +++\mods}, reader: mod manifest]
[188月2025 20:42:25.958] [main/INFO] [net.neoforged.fml.loading.moddiscovery.ModDiscoverer/SCAN]: Found mod file "ftb-quests-neoforge-2101.1.14.jar" [locator: {mods folder locator at E:\game\Minecraft\PCL2\.minecraft\versions\EMC & FE +++\mods}, reader: mod manifest]
[188月2025 20:42:25.964] [main/INFO] [net.neoforged.fml.loading.moddiscovery.ModDiscoverer/SCAN]: Found mod file "ftb-teams-neoforge-2101.1.2.jar" [locator: {mods folder locator at E:\game\Minecraft\PCL2\.minecraft\versions\EMC & FE +++\mods}, reader: mod manifest]
[188月2025 20:42:25.969] [main/INFO] [net.neoforged.fml.loading.moddiscovery.ModDiscoverer/SCAN]: Found mod file "ftb-ultimine-neoforge-2101.1.7.jar" [locator: {mods folder locator at E:\game\Minecraft\PCL2\.minecraft\versions\EMC & FE +++\mods}, reader: mod manifest]
[188月2025 20:42:25.979] [main/INFO] [net.neoforged.fml.loading.moddiscovery.ModDiscoverer/SCAN]: Found mod file "ftb-xmod-compat-neoforge-21.1.5.jar" [locator: {mods folder locator at E:\game\Minecraft\PCL2\.minecraft\versions\EMC & FE +++\mods}, reader: mod manifest]
[188月2025 20:42:25.986] [main/INFO] [net.neoforged.fml.loading.moddiscovery.ModDiscoverer/SCAN]: Found mod file "ftbbackups2-neoforge-1.21-1.0.28.jar" [locator: {mods folder locator at E:\game\Minecraft\PCL2\.minecraft\versions\EMC & FE +++\mods}, reader: mod manifest]
[188月2025 20:42:25.997] [main/INFO] [net.neoforged.fml.loading.moddiscovery.ModDiscoverer/SCAN]: Found mod file "functionalstorage-1.21.1-1.5.3.jar" [locator: {mods folder locator at E:\game\Minecraft\PCL2\.minecraft\versions\EMC & FE +++\mods}, reader: mod manifest]
[188月2025 20:42:26.001] [main/INFO] [net.neoforged.fml.loading.moddiscovery.ModDiscoverer/SCAN]: Found mod file "fusion-1.2.10-neoforge-mc1.21.jar" [locator: {mods folder locator at E:\game\Minecraft\PCL2\.minecraft\versions\EMC & FE +++\mods}, reader: mod manifest]
[188月2025 20:42:26.012] [main/INFO] [net.neoforged.fml.loading.moddiscovery.ModDiscoverer/SCAN]: Found mod file "geckolib-neoforge-1.21.1-4.7.6.jar" [locator: {mods folder locator at E:\game\Minecraft\PCL2\.minecraft\versions\EMC & FE +++\mods}, reader: mod manifest]
[188月2025 20:42:26.016] [main/INFO] [net.neoforged.fml.loading.moddiscovery.ModDiscoverer/SCAN]: Found mod file "Glodium-1.21-2.2-neoforge.jar" [locator: {mods folder locator at E:\game\Minecraft\PCL2\.minecraft\versions\EMC & FE +++\mods}, reader: mod manifest]
[188月2025 20:42:26.034] [main/INFO] [net.neoforged.fml.loading.moddiscovery.ModDiscoverer/SCAN]: Found mod file "guideme-21.1.14.jar" [locator: {mods folder locator at E:\game\Minecraft\PCL2\.minecraft\versions\EMC & FE +++\mods}, reader: mod manifest]
[188月2025 20:42:26.046] [main/INFO] [net.neoforged.fml.loading.moddiscovery.ModDiscoverer/SCAN]: Found mod file "IMBlocker-5.4.2-neoforge-1.20.6+.jar" [locator: {mods folder locator at E:\game\Minecraft\PCL2\.minecraft\versions\EMC & FE +++\mods}, reader: mod manifest]
[188月2025 20:42:26.059] [main/INFO] [net.neoforged.fml.loading.moddiscovery.ModDiscoverer/SCAN]: Found mod file "ImmersiveEngineering-1.21.1-12.4.2-194.jar" [locator: {mods folder locator at E:\game\Minecraft\PCL2\.minecraft\versions\EMC & FE +++\mods}, reader: mod manifest]
[188月2025 20:42:26.065] [main/INFO] [net.neoforged.fml.loading.moddiscovery.ModDiscoverer/SCAN]: Found mod file "integratedcrafting-1.21.1-neoforge-1.2.3-349.jar" [locator: {mods folder locator at E:\game\Minecraft\PCL2\.minecraft\versions\EMC & FE +++\mods}, reader: mod manifest]
[188月2025 20:42:26.076] [main/INFO] [net.neoforged.fml.loading.moddiscovery.ModDiscoverer/SCAN]: Found mod file "integrateddynamics-1.21.1-neoforge-1.27.9-1306.jar" [locator: {mods folder locator at E:\game\Minecraft\PCL2\.minecraft\versions\EMC & FE +++\mods}, reader: mod manifest]
[188月2025 20:42:26.083] [main/INFO] [net.neoforged.fml.loading.moddiscovery.ModDiscoverer/SCAN]: Found mod file "integratedterminals-1.21.1-neoforge-1.6.15.jar" [locator: {mods folder locator at E:\game\Minecraft\PCL2\.minecraft\versions\EMC & FE +++\mods}, reader: mod manifest]
[188月2025 20:42:26.096] [main/INFO] [net.neoforged.fml.loading.moddiscovery.ModDiscoverer/SCAN]: Found mod file "integratedtunnels-1.21.1-neoforge-1.8.44-481.jar" [locator: {mods folder locator at E:\game\Minecraft\PCL2\.minecraft\versions\EMC & FE +++\mods}, reader: mod manifest]
[188月2025 20:42:26.101] [main/INFO] [net.neoforged.fml.loading.moddiscovery.ModDiscoverer/SCAN]: Found mod file "InventoryProfilesNext-neoforge-1.21-2.1.11.jar" [locator: {mods folder locator at E:\game\Minecraft\PCL2\.minecraft\versions\EMC & FE +++\mods}, reader: mod manifest]
[188月2025 20:42:26.111] [main/INFO] [net.neoforged.fml.loading.moddiscovery.ModDiscoverer/SCAN]: Found mod file "jecharacters-1.21-neoforge-4.5.22.jar" [locator: {mods folder locator at E:\game\Minecraft\PCL2\.minecraft\versions\EMC & FE +++\mods}, reader: mod manifest]
[188月2025 20:42:26.117] [main/INFO] [net.neoforged.fml.loading.moddiscovery.ModDiscoverer/SCAN]: Found mod file "jei-1.21.1-neoforge-19.22.1.316.jar" [locator: {mods folder locator at E:\game\Minecraft\PCL2\.minecraft\versions\EMC & FE +++\mods}, reader: mod manifest]
[188月2025 20:42:26.132] [main/INFO] [net.neoforged.fml.loading.moddiscovery.ModDiscoverer/SCAN]: Found mod file "jeimultiblocks-1.21.1-1.0.4.jar" [locator: {mods folder locator at E:\game\Minecraft\PCL2\.minecraft\versions\EMC & FE +++\mods}, reader: mod manifest]
[188月2025 20:42:26.144] [main/INFO] [net.neoforged.fml.loading.moddiscovery.ModDiscoverer/SCAN]: Found mod file "jerintegration-6.5.0.jar" [locator: {mods folder locator at E:\game\Minecraft\PCL2\.minecraft\versions\EMC & FE +++\mods}, reader: mod manifest]
[188月2025 20:42:26.157] [main/INFO] [net.neoforged.fml.loading.moddiscovery.ModDiscoverer/SCAN]: Found mod file "JustEnoughMekanismMultiblocks-1.21.1-7.7.jar" [locator: {mods folder locator at E:\game\Minecraft\PCL2\.minecraft\versions\EMC & FE +++\mods}, reader: mod manifest]
[188月2025 20:42:26.164] [main/INFO] [net.neoforged.fml.loading.moddiscovery.ModDiscoverer/SCAN]: Found mod file "JustEnoughResources-NeoForge-1.21.1-1.6.0.17.jar" [locator: {mods folder locator at E:\game\Minecraft\PCL2\.minecraft\versions\EMC & FE +++\mods}, reader: mod manifest]
[188月2025 20:42:26.167] [main/INFO] [net.neoforged.fml.loading.moddiscovery.ModDiscoverer/SCAN]: Found library file "kotlinforforge-5.9.0-all.jar" [locator: {mods folder locator at E:\game\Minecraft\PCL2\.minecraft\versions\EMC & FE +++\mods}, reader: mod manifest]
[188月2025 20:42:26.183] [main/INFO] [net.neoforged.fml.loading.moddiscovery.ModDiscoverer/SCAN]: Found mod file "krypton-neoforge-1.21.1-0.2.20.jar" [locator: {mods folder locator at E:\game\Minecraft\PCL2\.minecraft\versions\EMC & FE +++\mods}, reader: mod manifest]
[188月2025 20:42:26.192] [main/INFO] [net.neoforged.fml.loading.moddiscovery.ModDiscoverer/SCAN]: Found mod file "kubejs-mekanism-neoforge-2101.1.6-build.6.jar" [locator: {mods folder locator at E:\game\Minecraft\PCL2\.minecraft\versions\EMC & FE +++\mods}, reader: mod manifest]
[188月2025 20:42:26.198] [main/INFO] [net.neoforged.fml.loading.moddiscovery.ModDiscoverer/SCAN]: Found mod file "kubejs-neoforge-2101.7.1-build.181.jar" [locator: {mods folder locator at E:\game\Minecraft\PCL2\.minecraft\versions\EMC & FE +++\mods}, reader: mod manifest]
[188月2025 20:42:26.210] [main/INFO] [net.neoforged.fml.loading.moddiscovery.ModDiscoverer/SCAN]: Found mod file "kubejs_enderio-neoforge-1.21.1-0.7.2.jar" [locator: {mods folder locator at E:\game\Minecraft\PCL2\.minecraft\versions\EMC & FE +++\mods}, reader: mod manifest]
[188月2025 20:42:26.218] [main/INFO] [net.neoforged.fml.loading.moddiscovery.ModDiscoverer/SCAN]: Found mod file "lanserverproperties-1.13.2-neoforge.jar" [locator: {mods folder locator at E:\game\Minecraft\PCL2\.minecraft\versions\EMC & FE +++\mods}, reader: mod manifest]
[188月2025 20:42:26.235] [main/INFO] [net.neoforged.fml.loading.moddiscovery.ModDiscoverer/SCAN]: Found mod file "libIPN-neoforge-1.21-6.5.1.jar" [locator: {mods folder locator at E:\game\Minecraft\PCL2\.minecraft\versions\EMC & FE +++\mods}, reader: mod manifest]
[188月2025 20:42:26.252] [main/INFO] [net.neoforged.fml.loading.moddiscovery.ModDiscoverer/SCAN]: Found mod file "lithium-neoforge-0.15.0+mc1.21.1.jar" [locator: {mods folder locator at E:\game\Minecraft\PCL2\.minecraft\versions\EMC & FE +++\mods}, reader: mod manifest]
[188月2025 20:42:26.267] [main/INFO] [net.neoforged.fml.loading.moddiscovery.ModDiscoverer/SCAN]: Found mod file "megacells-4.10.1.jar" [locator: {mods folder locator at E:\game\Minecraft\PCL2\.minecraft\versions\EMC & FE +++\mods}, reader: mod manifest]
[188月2025 20:42:26.281] [main/INFO] [net.neoforged.fml.loading.moddiscovery.ModDiscoverer/SCAN]: Found mod file "Mekanism-1.21.1-10.7.15.81.jar" [locator: {mods folder locator at E:\game\Minecraft\PCL2\.minecraft\versions\EMC & FE +++\mods}, reader: mod manifest]
[188月2025 20:42:26.293] [main/INFO] [net.neoforged.fml.loading.moddiscovery.ModDiscoverer/SCAN]: Found mod file "mekanism_unleashed-0.3.2.jar" [locator: {mods folder locator at E:\game\Minecraft\PCL2\.minecraft\versions\EMC & FE +++\mods}, reader: mod manifest]
[188月2025 20:42:26.297] [main/INFO] [net.neoforged.fml.loading.moddiscovery.ModDiscoverer/SCAN]: Found mod file "MekanismAdditions-1.21.1-10.7.15.81.jar" [locator: {mods folder locator at E:\game\Minecraft\PCL2\.minecraft\versions\EMC & FE +++\mods}, reader: mod manifest]
[188月2025 20:42:26.307] [main/INFO] [net.neoforged.fml.loading.moddiscovery.ModDiscoverer/SCAN]: Found mod file "MekanismGenerators-1.21.1-10.7.15.81.jar" [locator: {mods folder locator at E:\game\Minecraft\PCL2\.minecraft\versions\EMC & FE +++\mods}, reader: mod manifest]
[188月2025 20:42:26.314] [main/INFO] [net.neoforged.fml.loading.moddiscovery.ModDiscoverer/SCAN]: Found mod file "modernfix-neoforge-5.24.3+mc1.21.1.jar" [locator: {mods folder locator at E:\game\Minecraft\PCL2\.minecraft\versions\EMC & FE +++\mods}, reader: mod manifest]
[188月2025 20:42:26.399] [main/INFO] [net.neoforged.fml.loading.moddiscovery.ModDiscoverer/SCAN]: Found mod file "ModernUI-NeoForge-1.21.1-3.11.1.9-universal.jar" [locator: {mods folder locator at E:\game\Minecraft\PCL2\.minecraft\versions\EMC & FE +++\mods}, reader: mod manifest]
[188月2025 20:42:26.411] [main/INFO] [net.neoforged.fml.loading.moddiscovery.ModDiscoverer/SCAN]: Found mod file "modular-routers-13.2.3+mc1.21.1.jar" [locator: {mods folder locator at E:\game\Minecraft\PCL2\.minecraft\versions\EMC & FE +++\mods}, reader: mod manifest]
[188月2025 20:42:26.418] [main/INFO] [net.neoforged.fml.loading.moddiscovery.ModDiscoverer/SCAN]: Found mod file "moonlight-1.21-2.20.7-neoforge.jar" [locator: {mods folder locator at E:\game\Minecraft\PCL2\.minecraft\versions\EMC & FE +++\mods}, reader: mod manifest]
[188月2025 20:42:26.429] [main/INFO] [net.neoforged.fml.loading.moddiscovery.ModDiscoverer/SCAN]: Found mod file "morefunctionalstorage-1.2.2.jar" [locator: {mods folder locator at E:\game\Minecraft\PCL2\.minecraft\versions\EMC & FE +++\mods}, reader: mod manifest]
[188月2025 20:42:26.435] [main/INFO] [net.neoforged.fml.loading.moddiscovery.ModDiscoverer/SCAN]: Found mod file "MouseTweaks-neoforge-mc1.21-2.26.1.jar" [locator: {mods folder locator at E:\game\Minecraft\PCL2\.minecraft\versions\EMC & FE +++\mods}, reader: mod manifest]
[188月2025 20:42:26.450] [main/INFO] [net.neoforged.fml.loading.moddiscovery.ModDiscoverer/SCAN]: Found mod file "NaturesCompass-1.21.1-3.0.3-neoforge.jar" [locator: {mods folder locator at E:\game\Minecraft\PCL2\.minecraft\versions\EMC & FE +++\mods}, reader: mod manifest]
[188月2025 20:42:26.465] [main/INFO] [net.neoforged.fml.loading.moddiscovery.ModDiscoverer/SCAN]: Found mod file "OpenLoader-neoforge-1.21.1-21.1.5.jar" [locator: {mods folder locator at E:\game\Minecraft\PCL2\.minecraft\versions\EMC & FE +++\mods}, reader: mod manifest]
[188月2025 20:42:26.472] [main/INFO] [net.neoforged.fml.loading.moddiscovery.ModDiscoverer/SCAN]: Found mod file "PackagedAuto-1.21.1-4.0.5.15.jar" [locator: {mods folder locator at E:\game\Minecraft\PCL2\.minecraft\versions\EMC & FE +++\mods}, reader: mod manifest]
[188月2025 20:42:26.478] [main/INFO] [net.neoforged.fml.loading.moddiscovery.ModDiscoverer/SCAN]: Found mod file "PackagedAvaritia-Re-1.21.1-3.0.1.5.jar" [locator: {mods folder locator at E:\game\Minecraft\PCL2\.minecraft\versions\EMC & FE +++\mods}, reader: mod manifest]
[188月2025 20:42:26.482] [main/INFO] [net.neoforged.fml.loading.moddiscovery.ModDiscoverer/SCAN]: Found mod file "PackagedDraconic-1.21.1-4.0.0.0.jar" [locator: {mods folder locator at E:\game\Minecraft\PCL2\.minecraft\versions\EMC & FE +++\mods}, reader: mod manifest]
[188月2025 20:42:26.492] [main/INFO] [net.neoforged.fml.loading.moddiscovery.ModDiscoverer/SCAN]: Found mod file "Patchouli-1.21.1-92-NEOFORGE.jar" [locator: {mods folder locator at E:\game\Minecraft\PCL2\.minecraft\versions\EMC & FE +++\mods}, reader: mod manifest]
[188月2025 20:42:26.497] [main/INFO] [net.neoforged.fml.loading.moddiscovery.ModDiscoverer/SCAN]: Found mod file "pipez-neoforge-1.21.1-1.2.19.jar" [locator: {mods folder locator at E:\game\Minecraft\PCL2\.minecraft\versions\EMC & FE +++\mods}, reader: mod manifest]
[188月2025 20:42:26.508] [main/INFO] [net.neoforged.fml.loading.moddiscovery.ModDiscoverer/SCAN]: Found mod file "polyeng-0.4.1.jar" [locator: {mods folder locator at E:\game\Minecraft\PCL2\.minecraft\versions\EMC & FE +++\mods}, reader: mod manifest]
[188月2025 20:42:26.516] [main/INFO] [net.neoforged.fml.loading.moddiscovery.ModDiscoverer/SCAN]: Found mod file "polylib-2100.0.3-build.172-neoforge.jar" [locator: {mods folder locator at E:\game\Minecraft\PCL2\.minecraft\versions\EMC & FE +++\mods}, reader: mod manifest]
[188月2025 20:42:26.531] [main/INFO] [net.neoforged.fml.loading.moddiscovery.ModDiscoverer/SCAN]: Found mod file "polymorph-neoforge-1.1.0+1.21.1.jar" [locator: {mods folder locator at E:\game\Minecraft\PCL2\.minecraft\versions\EMC & FE +++\mods}, reader: mod manifest]
[188月2025 20:42:26.541] [main/INFO] [net.neoforged.fml.loading.moddiscovery.ModDiscoverer/SCAN]: Found mod file "ponderjs-neoforge-1.21.1-2.1.3.jar" [locator: {mods folder locator at E:\game\Minecraft\PCL2\.minecraft\versions\EMC & FE +++\mods}, reader: mod manifest]
[188月2025 20:42:26.547] [main/INFO] [net.neoforged.fml.loading.moddiscovery.ModDiscoverer/SCAN]: Found mod file "prickle-neoforge-1.21.1-21.1.8.jar" [locator: {mods folder locator at E:\game\Minecraft\PCL2\.minecraft\versions\EMC & FE +++\mods}, reader: mod manifest]
[188月2025 20:42:26.562] [main/INFO] [net.neoforged.fml.loading.moddiscovery.ModDiscoverer/SCAN]: Found mod file "ProbeJS-7.5.1.jar" [locator: {mods folder locator at E:\game\Minecraft\PCL2\.minecraft\versions\EMC & FE +++\mods}, reader: mod manifest]
[188月2025 20:42:26.567] [main/INFO] [net.neoforged.fml.loading.moddiscovery.ModDiscoverer/SCAN]: Found mod file "ProjectE-1.21.1-PE1.1.0.jar" [locator: {mods folder locator at E:\game\Minecraft\PCL2\.minecraft\versions\EMC & FE +++\mods}, reader: mod manifest]
[188月2025 20:42:26.592] [main/INFO] [net.neoforged.fml.loading.moddiscovery.ModDiscoverer/SCAN]: Found mod file "projectexpansion-1.21.1-1.0.1.jar" [locator: {mods folder locator at E:\game\Minecraft\PCL2\.minecraft\versions\EMC & FE +++\mods}, reader: mod manifest]
[188月2025 20:42:26.598] [main/INFO] [net.neoforged.fml.loading.moddiscovery.ModDiscoverer/SCAN]: Found mod file "PuzzlesLib-v21.1.38-1.21.1-NeoForge.jar" [locator: {mods folder locator at E:\game\Minecraft\PCL2\.minecraft\versions\EMC & FE +++\mods}, reader: mod manifest]
[188月2025 20:42:26.609] [main/INFO] [net.neoforged.fml.loading.moddiscovery.ModDiscoverer/SCAN]: Found mod file "Re-Avaritia-neoforge-1.21.1-1.3.9.0-beta4-fix2.jar" [locator: {mods folder locator at E:\game\Minecraft\PCL2\.minecraft\versions\EMC & FE +++\mods}, reader: mod manifest]
[188月2025 20:42:26.617] [main/INFO] [net.neoforged.fml.loading.moddiscovery.ModDiscoverer/SCAN]: Found mod file "refinedstorage-neoforge-2.0.0-beta.9.jar" [locator: {mods folder locator at E:\game\Minecraft\PCL2\.minecraft\versions\EMC & FE +++\mods}, reader: mod manifest]
[188月2025 20:42:26.627] [main/INFO] [net.neoforged.fml.loading.moddiscovery.ModDiscoverer/SCAN]: Found mod file "rhino-2101.2.7-build.77.jar" [locator: {mods folder locator at E:\game\Minecraft\PCL2\.minecraft\versions\EMC & FE +++\mods}, reader: mod manifest]
[188月2025 20:42:26.633] [main/INFO] [net.neoforged.fml.loading.moddiscovery.ModDiscoverer/SCAN]: Found mod file "rsinfinitybooster-neoforge-1.21.1-1.0.0.48.jar" [locator: {mods folder locator at E:\game\Minecraft\PCL2\.minecraft\versions\EMC & FE +++\mods}, reader: mod manifest]
[188月2025 20:42:26.642] [main/INFO] [net.neoforged.fml.loading.moddiscovery.ModDiscoverer/SCAN]: Found mod file "rubidium-extra-0.5.7e+mc1.21-build.132.jar" [locator: {mods folder locator at E:\game\Minecraft\PCL2\.minecraft\versions\EMC & FE +++\mods}, reader: mod manifest]
[188月2025 20:42:26.646] [main/INFO] [net.neoforged.fml.loading.moddiscovery.ModDiscoverer/SCAN]: Found mod file "RuOK-1.21.1-neoforge-1.7.0.jar" [locator: {mods folder locator at E:\game\Minecraft\PCL2\.minecraft\versions\EMC & FE +++\mods}, reader: mod manifest]
[188月2025 20:42:26.652] [main/INFO] [net.neoforged.fml.loading.moddiscovery.ModDiscoverer/SCAN]: Found mod file "sit-1.21.1-1.4.jar" [locator: {mods folder locator at E:\game\Minecraft\PCL2\.minecraft\versions\EMC & FE +++\mods}, reader: mod manifest]
[188月2025 20:42:26.664] [main/INFO] [net.neoforged.fml.loading.moddiscovery.ModDiscoverer/SCAN]: Found mod file "supermartijn642configlib-1.1.8-neoforge-mc1.21.jar" [locator: {mods folder locator at E:\game\Minecraft\PCL2\.minecraft\versions\EMC & FE +++\mods}, reader: mod manifest]
[188月2025 20:42:26.668] [main/INFO] [net.neoforged.fml.loading.moddiscovery.ModDiscoverer/SCAN]: Found mod file "supermartijn642corelib-1.1.18a-neoforge-mc1.21.jar" [locator: {mods folder locator at E:\game\Minecraft\PCL2\.minecraft\versions\EMC & FE +++\mods}, reader: mod manifest]
[188月2025 20:42:26.681] [main/INFO] [net.neoforged.fml.loading.moddiscovery.ModDiscoverer/SCAN]: Found mod file "tiab-neoforge-6.5.0.jar" [locator: {mods folder locator at E:\game\Minecraft\PCL2\.minecraft\versions\EMC & FE +++\mods}, reader: mod manifest]
[188月2025 20:42:26.690] [main/INFO] [net.neoforged.fml.loading.moddiscovery.ModDiscoverer/SCAN]: Found mod file "tiabcurio-neoforge-1.21.1-3.0.1.jar" [locator: {mods folder locator at E:\game\Minecraft\PCL2\.minecraft\versions\EMC & FE +++\mods}, reader: mod manifest]
[188月2025 20:42:26.697] [main/INFO] [net.neoforged.fml.loading.moddiscovery.ModDiscoverer/SCAN]: Found mod file "tipsmod-neoforge-1.21.1-21.1.2.jar" [locator: {mods folder locator at E:\game\Minecraft\PCL2\.minecraft\versions\EMC & FE +++\mods}, reader: mod manifest]
[188月2025 20:42:26.708] [main/INFO] [net.neoforged.fml.loading.moddiscovery.ModDiscoverer/SCAN]: Found mod file "titanium-1.21-4.0.40.jar" [locator: {mods folder locator at E:\game\Minecraft\PCL2\.minecraft\versions\EMC & FE +++\mods}, reader: mod manifest]
[188月2025 20:42:26.714] [main/INFO] [net.neoforged.fml.loading.moddiscovery.ModDiscoverer/SCAN]: Found mod file "txnilib-neoforge-1.0.24-1.21.1.jar" [locator: {mods folder locator at E:\game\Minecraft\PCL2\.minecraft\versions\EMC & FE +++\mods}, reader: mod manifest]
[188月2025 20:42:26.725] [main/INFO] [net.neoforged.fml.loading.moddiscovery.ModDiscoverer/SCAN]: Found mod file "vanillin-neoforge-1.21.1-1.1.3.jar" [locator: {mods folder locator at E:\game\Minecraft\PCL2\.minecraft\versions\EMC & FE +++\mods}, reader: mod manifest]
[188月2025 20:42:26.731] [main/INFO] [net.neoforged.fml.loading.moddiscovery.ModDiscoverer/SCAN]: Found mod file "watut-neoforge-1.21.0-1.2.7.jar" [locator: {mods folder locator at E:\game\Minecraft\PCL2\.minecraft\versions\EMC & FE +++\mods}, reader: mod manifest]
[188月2025 20:42:26.742] [main/INFO] [net.neoforged.fml.loading.moddiscovery.ModDiscoverer/SCAN]: Found mod file "wthit-neo-12.5.4.jar" [locator: {mods folder locator at E:\game\Minecraft\PCL2\.minecraft\versions\EMC & FE +++\mods}, reader: mod manifest]
[188月2025 20:42:26.747] [main/INFO] [net.neoforged.fml.loading.moddiscovery.ModDiscoverer/SCAN]: Found mod file "Xaeros_Minimap_25.2.10_NeoForge_1.21.jar" [locator: {mods folder locator at E:\game\Minecraft\PCL2\.minecraft\versions\EMC & FE +++\mods}, reader: mod manifest]
[188月2025 20:42:26.753] [main/INFO] [net.neoforged.fml.loading.moddiscovery.ModDiscoverer/SCAN]: Found mod file "XaerosWorldMap_1.39.12_NeoForge_1.21.jar" [locator: {mods folder locator at E:\game\Minecraft\PCL2\.minecraft\versions\EMC & FE +++\mods}, reader: mod manifest]
[188月2025 20:42:26.762] [main/INFO] [net.neoforged.fml.loading.moddiscovery.ModDiscoverer/SCAN]: Found mod file "xplus-autofish-1.3.3-neoforged-mc1.21.1.jar" [locator: {mods folder locator at E:\game\Minecraft\PCL2\.minecraft\versions\EMC & FE +++\mods}, reader: mod manifest]
[188月2025 20:42:26.766] [main/INFO] [net.neoforged.fml.loading.moddiscovery.ModDiscoverer/SCAN]: Found mod file "ZeroCore2-1.21.1-2.4.18.jar" [locator: {mods folder locator at E:\game\Minecraft\PCL2\.minecraft\versions\EMC & FE +++\mods}, reader: mod manifest]
[188月2025 20:42:28.802] [main/WARN] [net.neoforged.jarjar.selection.JarSelector/]: Attempted to select two dependency jars from JarJar which have the same identification: Nested Mod File  in Mod File: E:\game\Minecraft\PCL2\.minecraft\versions\EMC & FE +++\mods\vanillin-neoforge-1.21.1-1.1.3.jar and Nested Mod File  in Mod File: E:\game\Minecraft\PCL2\.minecraft\versions\EMC & FE +++\mods\ponderjs-neoforge-1.21.1-2.1.3.jar. Using Nested Mod File  in Mod File: E:\game\Minecraft\PCL2\.minecraft\versions\EMC & FE +++\mods\vanillin-neoforge-1.21.1-1.1.3.jar
[188月2025 20:42:28.809] [main/INFO] [net.neoforged.fml.loading.moddiscovery.locators.JarInJarDependencyLocator/]: Found 101 dependencies adding them to mods collection
[188月2025 20:42:28.809] [main/INFO] [net.neoforged.fml.loading.moddiscovery.ModDiscoverer/SCAN]: Found library file "vineflower-1.10.1.jar" [parent: ProbeJS-7.5.1.jar, locator: jarinjar]
[188月2025 20:42:28.809] [main/INFO] [net.neoforged.fml.loading.moddiscovery.ModDiscoverer/SCAN]: Found gamelibrary file "Quack-0.4.10.105.jar" [parent: CodeChickenLib-1.21.1-4.6.1.524.jar, locator: jarinjar, reader: mod manifest]
[188月2025 20:42:28.809] [main/INFO] [net.neoforged.fml.loading.moddiscovery.ModDiscoverer/SCAN]: Found library file "flexmark-0.64.8.jar" [parent: ModernUI-NeoForge-1.21.1-3.11.1.9-universal.jar, locator: jarinjar]
[188月2025 20:42:28.809] [main/INFO] [net.neoforged.fml.loading.moddiscovery.ModDiscoverer/SCAN]: Found mod file "fabric-renderer-api-v1-3.4.0+9c40919e19.jar" [parent: forgified-fabric-api-0.115.6+2.1.0+1.21.1.jar, locator: jarinjar, reader: mod manifest]
[188月2025 20:42:28.809] [main/INFO] [net.neoforged.fml.loading.moddiscovery.ModDiscoverer/SCAN]: Found library file "BlockModelSplitter-2.0.1.jar" [parent: ImmersiveEngineering-1.21.1-12.4.2-194.jar, locator: jarinjar, reader: mod manifest]
[188月2025 20:42:28.809] [main/INFO] [net.neoforged.fml.loading.moddiscovery.ModDiscoverer/SCAN]: Found library file "ChatImageCode-0.12.2.jar" [parent: ChatImage-1.4.7+1.21.0+neoforge.jar, locator: jarinjar]
[188月2025 20:42:28.809] [main/INFO] [net.neoforged.fml.loading.moddiscovery.ModDiscoverer/SCAN]: Found library file "tiny-java-server-1.0.0-build.6.jar" [parent: kubejs-neoforge-2101.7.1-build.181.jar, locator: jarinjar]
[188月2025 20:42:28.809] [main/INFO] [net.neoforged.fml.loading.moddiscovery.ModDiscoverer/SCAN]: Found library file "PinIn-1.6.0.jar" [parent: jecharacters-1.21-neoforge-4.5.22.jar, locator: jarinjar]
[188月2025 20:42:28.809] [main/INFO] [net.neoforged.fml.loading.moddiscovery.ModDiscoverer/SCAN]: Found mod file "Ponder-NeoForge-1.21.1-1.0.56.jar" [parent: create-1.21.1-6.0.6.jar, locator: jarinjar, reader: mod manifest]
[188月2025 20:42:28.809] [main/INFO] [net.neoforged.fml.loading.moddiscovery.ModDiscoverer/SCAN]: Found mod file "fabric-item-api-v1-11.1.1+57cdfa8219.jar" [parent: forgified-fabric-api-0.115.6+2.1.0+1.21.1.jar, locator: jarinjar, reader: mod manifest]
[188月2025 20:42:28.809] [main/INFO] [net.neoforged.fml.loading.moddiscovery.ModDiscoverer/SCAN]: Found mod file "fabric-rendering-fluids-v1-3.1.6+857185bc19.jar" [parent: forgified-fabric-api-0.115.6+2.1.0+1.21.1.jar, locator: jarinjar, reader: mod manifest]
[188月2025 20:42:28.811] [main/INFO] [net.neoforged.fml.loading.moddiscovery.ModDiscoverer/SCAN]: Found mod file "com.enderio.enderio-base-7.1.8-alpha.jar" [parent: enderio-7.1.8-alpha.jar, locator: jarinjar, reader: mod manifest]
[188月2025 20:42:28.811] [main/INFO] [net.neoforged.fml.loading.moddiscovery.ModDiscoverer/SCAN]: Found mod file "com.enderio.endercore-7.1.8-alpha.jar" [parent: com.enderio.enderio-base-7.1.8-alpha.jar, locator: jarinjar, reader: mod manifest]
[188月2025 20:42:28.811] [main/INFO] [net.neoforged.fml.loading.moddiscovery.ModDiscoverer/SCAN]: Found library file "kotlinx-coroutines-core-jvm-1.10.2.jar" [parent: kotlinforforge-5.9.0-all.jar, locator: jarinjar]
[188月2025 20:42:28.811] [main/INFO] [net.neoforged.fml.loading.moddiscovery.ModDiscoverer/SCAN]: Found mod file "fabric-convention-tags-v1-2.1.4+7f945d5b19.jar" [parent: forgified-fabric-api-0.115.6+2.1.0+1.21.1.jar, locator: jarinjar, reader: mod manifest]
[188月2025 20:42:28.811] [main/INFO] [net.neoforged.fml.loading.moddiscovery.ModDiscoverer/SCAN]: Found mod file "fabric-block-view-api-v2-1.0.11+e9036fd419.jar" [parent: forgified-fabric-api-0.115.6+2.1.0+1.21.1.jar, locator: jarinjar, reader: mod manifest]
[188月2025 20:42:28.811] [main/INFO] [net.neoforged.fml.loading.moddiscovery.ModDiscoverer/SCAN]: Found mod file "fabric-command-api-v2-2.2.28+36d727be19.jar" [parent: forgified-fabric-api-0.115.6+2.1.0+1.21.1.jar, locator: jarinjar, reader: mod manifest]
[188月2025 20:42:28.811] [main/INFO] [net.neoforged.fml.loading.moddiscovery.ModDiscoverer/SCAN]: Found mod file "fabric-convention-tags-v2-2.11.0+87e5848019.jar" [parent: forgified-fabric-api-0.115.6+2.1.0+1.21.1.jar, locator: jarinjar, reader: mod manifest]
[188月2025 20:42:28.811] [main/INFO] [net.neoforged.fml.loading.moddiscovery.ModDiscoverer/SCAN]: Found mod file "fabric-data-attachment-api-v1-1.4.3+58235da019.jar" [parent: forgified-fabric-api-0.115.6+2.1.0+1.21.1.jar, locator: jarinjar, reader: mod manifest]
[188月2025 20:42:28.811] [main/INFO] [net.neoforged.fml.loading.moddiscovery.ModDiscoverer/SCAN]: Found library file "javaparser-core-3.24.8.jar" [parent: ProbeJS-7.5.1.jar, locator: jarinjar]
[188月2025 20:42:28.811] [main/INFO] [net.neoforged.fml.loading.moddiscovery.ModDiscoverer/SCAN]: Found library file "kotlin-stdlib-jdk7-2.1.21.jar" [parent: kotlinforforge-5.9.0-all.jar, locator: jarinjar]
[188月2025 20:42:28.811] [main/INFO] [net.neoforged.fml.loading.moddiscovery.ModDiscoverer/SCAN]: Found library file "kotlin-stdlib-jdk8-2.1.21.jar" [parent: kotlinforforge-5.9.0-all.jar, locator: jarinjar]
[188月2025 20:42:28.811] [main/INFO] [net.neoforged.fml.loading.moddiscovery.ModDiscoverer/SCAN]: Found mod file "fabric-screen-api-v1-2.0.25+4228281319.jar" [parent: forgified-fabric-api-0.115.6+2.1.0+1.21.1.jar, locator: jarinjar, reader: mod manifest]
[188月2025 20:42:28.811] [main/INFO] [net.neoforged.fml.loading.moddiscovery.ModDiscoverer/SCAN]: Found gamelibrary file "DualCodecs-0.1.2.jar" [parent: ImmersiveEngineering-1.21.1-12.4.2-194.jar, locator: jarinjar, reader: mod manifest]
[188月2025 20:42:28.811] [main/INFO] [net.neoforged.fml.loading.moddiscovery.ModDiscoverer/SCAN]: Found library file "flexmark-util-misc-0.64.8.jar" [parent: ModernUI-NeoForge-1.21.1-3.11.1.9-universal.jar, locator: jarinjar]
[188月2025 20:42:28.811] [main/INFO] [net.neoforged.fml.loading.moddiscovery.ModDiscoverer/SCAN]: Found library file "forgified-fabric-loader-2.5.29+0.16.0+1.21-full.jar" [parent: forgified-fabric-api-0.115.6+2.1.0+1.21.1.jar, locator: jarinjar, reader: mod manifest]
[188月2025 20:42:28.811] [main/INFO] [net.neoforged.fml.loading.moddiscovery.ModDiscoverer/SCAN]: Found mod file "forgified-fabric-api-0.115.6+2.1.0+1.21.1.jar" [parent: txnilib-neoforge-1.0.24-1.21.1.jar, locator: jarinjar, reader: mod manifest]
[188月2025 20:42:28.811] [main/INFO] [net.neoforged.fml.loading.moddiscovery.ModDiscoverer/SCAN]: Found mod file "fabric-content-registries-v0-8.0.18+0a0c14ff19.jar" [parent: forgified-fabric-api-0.115.6+2.1.0+1.21.1.jar, locator: jarinjar, reader: mod manifest]
[188月2025 20:42:28.811] [main/INFO] [net.neoforged.fml.loading.moddiscovery.ModDiscoverer/SCAN]: Found library file "kotlinx-serialization-json-jvm-1.8.1.jar" [parent: kotlinforforge-5.9.0-all.jar, locator: jarinjar]
[188月2025 20:42:28.811] [main/INFO] [net.neoforged.fml.loading.moddiscovery.ModDiscoverer/SCAN]: Found gamelibrary file "mixinextras-neoforge-0.5.0.jar" [parent: neoforge-21.1.197-universal.jar, locator: jarinjar, reader: mod manifest]
[188月2025 20:42:28.811] [main/INFO] [net.neoforged.fml.loading.moddiscovery.ModDiscoverer/SCAN]: Found mod file "fabric-game-rule-api-v1-1.0.53+36d727be19.jar" [parent: forgified-fabric-api-0.115.6+2.1.0+1.21.1.jar, locator: jarinjar, reader: mod manifest]
[188月2025 20:42:28.813] [main/INFO] [net.neoforged.fml.loading.moddiscovery.ModDiscoverer/SCAN]: Found mod file "fabric-api-lookup-api-v1-1.6.70+c21168c319.jar" [parent: forgified-fabric-api-0.115.6+2.1.0+1.21.1.jar, locator: jarinjar, reader: mod manifest]
[188月2025 20:42:28.813] [main/INFO] [net.neoforged.fml.loading.moddiscovery.ModDiscoverer/SCAN]: Found library file "kotlin-stdlib-2.1.21.jar" [parent: kotlinforforge-5.9.0-all.jar, locator: jarinjar]
[188月2025 20:42:28.813] [main/INFO] [net.neoforged.fml.loading.moddiscovery.ModDiscoverer/SCAN]: Found mod file "ActionLib-1.10.1-neoforge.jar" [parent: ChatImage-1.4.7+1.21.0+neoforge.jar, locator: jarinjar, reader: mod manifest]
[188月2025 20:42:28.813] [main/INFO] [net.neoforged.fml.loading.moddiscovery.ModDiscoverer/SCAN]: Found library file "JustEnoughCharacters.coremod-neoforge.jar" [parent: jecharacters-1.21-neoforge-4.5.22.jar, locator: jarinjar, reader: mod manifest]
[188月2025 20:42:28.813] [main/INFO] [net.neoforged.fml.loading.moddiscovery.ModDiscoverer/SCAN]: Found mod file "fabric-entity-events-v1-1.7.0+1af6e62419.jar" [parent: forgified-fabric-api-0.115.6+2.1.0+1.21.1.jar, locator: jarinjar, reader: mod manifest]
[188月2025 20:42:28.813] [main/INFO] [net.neoforged.fml.loading.moddiscovery.ModDiscoverer/SCAN]: Found library file "MixinSquared-0.3.2-beta.4.jar" [parent: mixinsquared-neoforge-0.3.2-beta.4.jar, locator: jarinjar]
[188月2025 20:42:28.813] [main/INFO] [net.neoforged.fml.loading.moddiscovery.ModDiscoverer/SCAN]: Found mod file "fabric-loot-api-v2-3.0.15+a3ee712d19.jar" [parent: forgified-fabric-api-0.115.6+2.1.0+1.21.1.jar, locator: jarinjar, reader: mod manifest]
[188月2025 20:42:28.813] [main/INFO] [net.neoforged.fml.loading.moddiscovery.ModDiscoverer/SCAN]: Found mod file "conditional-mixin-neoforge-0.6.4.jar" [parent: create-dragons-plus-1.6.1.jar, locator: jarinjar, reader: mod manifest]
[188月2025 20:42:28.813] [main/INFO] [net.neoforged.fml.loading.moddiscovery.ModDiscoverer/SCAN]: Found mod file "fabric-loot-api-v3-1.0.3+333dfad919.jar" [parent: forgified-fabric-api-0.115.6+2.1.0+1.21.1.jar, locator: jarinjar, reader: mod manifest]
[188月2025 20:42:28.813] [main/INFO] [net.neoforged.fml.loading.moddiscovery.ModDiscoverer/SCAN]: Found mod file "TRansition-1.0.3-1.21-neoforge-SNAPSHOT.jar" [parent: entityculling-neoforge-1.8.2-mc1.21.jar, locator: jarinjar, reader: mod manifest]
[188月2025 20:42:28.813] [main/INFO] [net.neoforged.fml.loading.moddiscovery.ModDiscoverer/SCAN]: Found mod file "fabric-rendering-data-attachment-v1-0.3.49+73761d2e19.jar" [parent: forgified-fabric-api-0.115.6+2.1.0+1.21.1.jar, locator: jarinjar, reader: mod manifest]
[188月2025 20:42:28.813] [main/INFO] [net.neoforged.fml.loading.moddiscovery.ModDiscoverer/SCAN]: Found mod file "fabric-networking-api-v1-4.3.0+4f690eb619.jar" [parent: forgified-fabric-api-0.115.6+2.1.0+1.21.1.jar, locator: jarinjar, reader: mod manifest]
[188月2025 20:42:28.813] [main/INFO] [net.neoforged.fml.loading.moddiscovery.ModDiscoverer/SCAN]: Found library file "kotlinx-serialization-core-jvm-1.8.1.jar" [parent: kotlinforforge-5.9.0-all.jar, locator: jarinjar]
[188月2025 20:42:28.813] [main/INFO] [net.neoforged.fml.loading.moddiscovery.ModDiscoverer/SCAN]: Found library file "caffeine-3.1.7.jar" [parent: ModernUI-NeoForge-1.21.1-3.11.1.9-universal.jar, locator: jarinjar]
[188月2025 20:42:28.813] [main/INFO] [net.neoforged.fml.loading.moddiscovery.ModDiscoverer/SCAN]: Found gamelibrary file "Registrate-MC1.21-1.3.0+67.jar" [parent: bigger_ae2-1.21.1-1.4.8.jar, locator: jarinjar, reader: mod manifest]
[188月2025 20:42:28.813] [main/INFO] [net.neoforged.fml.loading.moddiscovery.ModDiscoverer/SCAN]: Found library file "flexmark-util-html-0.64.8.jar" [parent: ModernUI-NeoForge-1.21.1-3.11.1.9-universal.jar, locator: jarinjar]
[188月2025 20:42:28.813] [main/INFO] [net.neoforged.fml.loading.moddiscovery.ModDiscoverer/SCAN]: Found mod file "CustomWindowTitle-NeoForge.jar" [parent: CustomWindowTitle-1.21.4+v1.4.1.jar, locator: jarinjar, reader: mod manifest]
[188月2025 20:42:28.813] [main/INFO] [net.neoforged.fml.loading.moddiscovery.ModDiscoverer/SCAN]: Found library file "flexmark-util-ast-0.64.8.jar" [parent: ModernUI-NeoForge-1.21.1-3.11.1.9-universal.jar, locator: jarinjar]
[188月2025 20:42:28.813] [main/INFO] [net.neoforged.fml.loading.moddiscovery.ModDiscoverer/SCAN]: Found library file "flexmark-util-data-0.64.8.jar" [parent: ModernUI-NeoForge-1.21.1-3.11.1.9-universal.jar, locator: jarinjar]
[188月2025 20:42:28.813] [main/INFO] [net.neoforged.fml.loading.moddiscovery.ModDiscoverer/SCAN]: Found gamelibrary file "Regilite-1.21-0.0.4-alpha.jar" [parent: com.enderio.enderio-base-7.1.8-alpha.jar, locator: jarinjar, reader: mod manifest]
[188月2025 20:42:28.815] [main/INFO] [net.neoforged.fml.loading.moddiscovery.ModDiscoverer/SCAN]: Found mod file "com.enderio.enderio-machines-7.1.8-alpha.jar" [parent: enderio-7.1.8-alpha.jar, locator: jarinjar, reader: mod manifest]
[188月2025 20:42:28.815] [main/INFO] [net.neoforged.fml.loading.moddiscovery.ModDiscoverer/SCAN]: Found mod file "fabric-lifecycle-events-v1-2.5.0+a2ee258a19.jar" [parent: forgified-fabric-api-0.115.6+2.1.0+1.21.1.jar, locator: jarinjar, reader: mod manifest]
[188月2025 20:42:28.815] [main/INFO] [net.neoforged.fml.loading.moddiscovery.ModDiscoverer/SCAN]: Found mod file "fabric-key-binding-api-v1-1.0.47+62cc7ce119.jar" [parent: forgified-fabric-api-0.115.6+2.1.0+1.21.1.jar, locator: jarinjar, reader: mod manifest]
[188月2025 20:42:28.815] [main/INFO] [net.neoforged.fml.loading.moddiscovery.ModDiscoverer/SCAN]: Found mod file "fabric-client-tags-api-v1-1.1.15+e053909619.jar" [parent: forgified-fabric-api-0.115.6+2.1.0+1.21.1.jar, locator: jarinjar, reader: mod manifest]
[188月2025 20:42:28.815] [main/INFO] [net.neoforged.fml.loading.moddiscovery.ModDiscoverer/SCAN]: Found mod file "fabric-transfer-api-v1-5.4.2+a25cb45619.jar" [parent: forgified-fabric-api-0.115.6+2.1.0+1.21.1.jar, locator: jarinjar, reader: mod manifest]
[188月2025 20:42:28.815] [main/INFO] [net.neoforged.fml.loading.moddiscovery.ModDiscoverer/SCAN]: Found gamelibrary file "NanoLiveConfig-2.3.2.jar" [parent: rubidium-extra-0.5.7e+mc1.21-build.132.jar, locator: jarinjar, reader: mod manifest]
[188月2025 20:42:28.815] [main/INFO] [net.neoforged.fml.loading.moddiscovery.ModDiscoverer/SCAN]: Found mod file "de.mari_023.ae2wtlib_api-19.2.5.jar" [parent: ae2wtlib-19.2.5.jar, locator: jarinjar, reader: mod manifest]
[188月2025 20:42:28.815] [main/INFO] [net.neoforged.fml.loading.moddiscovery.ModDiscoverer/SCAN]: Found library file "net.neoforged.neoforge-coremods-21.1.197.jar" [parent: neoforge-21.1.197-universal.jar, locator: jarinjar, reader: mod manifest]
[188月2025 20:42:28.815] [main/INFO] [net.neoforged.fml.loading.moddiscovery.ModDiscoverer/SCAN]: Found mod file "fabric-model-loading-api-v1-2.0.0+986ae77219.jar" [parent: forgified-fabric-api-0.115.6+2.1.0+1.21.1.jar, locator: jarinjar, reader: mod manifest]
[188月2025 20:42:28.815] [main/INFO] [net.neoforged.fml.loading.moddiscovery.ModDiscoverer/SCAN]: Found mod file "fabric-screen-handler-api-v1-1.3.88+8dbc56dd19.jar" [parent: forgified-fabric-api-0.115.6+2.1.0+1.21.1.jar, locator: jarinjar, reader: mod manifest]
[188月2025 20:42:28.815] [main/INFO] [net.neoforged.fml.loading.moddiscovery.ModDiscoverer/SCAN]: Found mod file "fabric-resource-loader-v0-1.3.1+4ea8954419.jar" [parent: forgified-fabric-api-0.115.6+2.1.0+1.21.1.jar, locator: jarinjar, reader: mod manifest]
[188月2025 20:42:28.815] [main/INFO] [net.neoforged.fml.loading.moddiscovery.ModDiscoverer/SCAN]: Found mod file "TRender-1.0.5-1.21-neoforge-SNAPSHOT.jar" [parent: entityculling-neoforge-1.8.2-mc1.21.jar, locator: jarinjar, reader: mod manifest]
[188月2025 20:42:28.815] [main/INFO] [net.neoforged.fml.loading.moddiscovery.ModDiscoverer/SCAN]: Found mod file "fabric-rendering-v1-5.0.5+077ba95f19.jar" [parent: forgified-fabric-api-0.115.6+2.1.0+1.21.1.jar, locator: jarinjar, reader: mod manifest]
[188月2025 20:42:28.815] [main/INFO] [net.neoforged.fml.loading.moddiscovery.ModDiscoverer/SCAN]: Found mod file "fabric-renderer-indigo-1.7.0+4198af7119.jar" [parent: forgified-fabric-api-0.115.6+2.1.0+1.21.1.jar, locator: jarinjar, reader: mod manifest]
[188月2025 20:42:28.815] [main/INFO] [net.neoforged.fml.loading.moddiscovery.ModDiscoverer/SCAN]: Found library file "flexmark-util-format-0.64.8.jar" [parent: ModernUI-NeoForge-1.21.1-3.11.1.9-universal.jar, locator: jarinjar]
[188月2025 20:42:28.815] [main/INFO] [net.neoforged.fml.loading.moddiscovery.ModDiscoverer/SCAN]: Found gamelibrary file "mixinsquared-neoforge-0.3.2-beta.4.jar" [parent: alltheleaks-0.1.27-beta+1.21.1-neoforge.jar, locator: jarinjar, reader: mod manifest]
[188月2025 20:42:28.815] [main/INFO] [net.neoforged.fml.loading.moddiscovery.ModDiscoverer/SCAN]: Found library file "flexmark-util-collection-0.64.8.jar" [parent: ModernUI-NeoForge-1.21.1-3.11.1.9-universal.jar, locator: jarinjar]
[188月2025 20:42:28.815] [main/INFO] [net.neoforged.fml.loading.moddiscovery.ModDiscoverer/SCAN]: Found library file "kotlinx-coroutines-jdk8-1.10.2.jar" [parent: kotlinforforge-5.9.0-all.jar, locator: jarinjar]
[188月2025 20:42:28.815] [main/INFO] [net.neoforged.fml.loading.moddiscovery.ModDiscoverer/SCAN]: Found gamelibrary file "GraphLib3-3.0.5.jar" [parent: com.enderio.enderio-machines-7.1.8-alpha.jar, locator: jarinjar, reader: mod manifest]
[188月2025 20:42:28.815] [main/INFO] [net.neoforged.fml.loading.moddiscovery.ModDiscoverer/SCAN]: Found mod file "fabric-particles-v1-4.0.2+824f924c19.jar" [parent: forgified-fabric-api-0.115.6+2.1.0+1.21.1.jar, locator: jarinjar, reader: mod manifest]
[188月2025 20:42:28.815] [main/INFO] [net.neoforged.fml.loading.moddiscovery.ModDiscoverer/SCAN]: Found library file "animated-gif-lib-for-java-animated-gif-lib-1.7.jar" [parent: kubejs-neoforge-2101.7.1-build.181.jar, locator: jarinjar]
[188月2025 20:42:28.815] [main/INFO] [net.neoforged.fml.loading.moddiscovery.ModDiscoverer/SCAN]: Found mod file "fabric-transitive-access-wideners-v1-6.2.0+6c854b6f19.jar" [parent: forgified-fabric-api-0.115.6+2.1.0+1.21.1.jar, locator: jarinjar, reader: mod manifest]
[188月2025 20:42:28.815] [main/INFO] [net.neoforged.fml.loading.moddiscovery.ModDiscoverer/SCAN]: Found library file "flexmark-util-builder-0.64.8.jar" [parent: ModernUI-NeoForge-1.21.1-3.11.1.9-universal.jar, locator: jarinjar]
[188月2025 20:42:28.817] [main/INFO] [net.neoforged.fml.loading.moddiscovery.ModDiscoverer/SCAN]: Found mod file "fabric-api-base-0.4.42+d1308ded19.jar" [parent: forgified-fabric-api-0.115.6+2.1.0+1.21.1.jar, locator: jarinjar, reader: mod manifest]
[188月2025 20:42:28.817] [main/INFO] [net.neoforged.fml.loading.moddiscovery.ModDiscoverer/SCAN]: Found mod file "com.enderio.enderio-conduits-7.1.8-alpha.jar" [parent: enderio-7.1.8-alpha.jar, locator: jarinjar, reader: mod manifest]
[188月2025 20:42:28.817] [main/INFO] [net.neoforged.fml.loading.moddiscovery.ModDiscoverer/SCAN]: Found mod file "fabric-blockrenderlayer-v1-1.1.52+b089b4bd19.jar" [parent: forgified-fabric-api-0.115.6+2.1.0+1.21.1.jar, locator: jarinjar, reader: mod manifest]
[188月2025 20:42:28.817] [main/INFO] [net.neoforged.fml.loading.moddiscovery.ModDiscoverer/SCAN]: Found mod file "fabric-block-api-v1-1.0.22+a6e994cd19.jar" [parent: forgified-fabric-api-0.115.6+2.1.0+1.21.1.jar, locator: jarinjar, reader: mod manifest]
[188月2025 20:42:28.817] [main/INFO] [net.neoforged.fml.loading.moddiscovery.ModDiscoverer/SCAN]: Found library file "thedarkcolour.kfflang-5.9.0.jar" [parent: kotlinforforge-5.9.0-all.jar, locator: jarinjar, reader: mod manifest]
[188月2025 20:42:28.817] [main/INFO] [net.neoforged.fml.loading.moddiscovery.ModDiscoverer/SCAN]: Found mod file "com.enderio.enderio-armory-7.1.8-alpha.jar" [parent: enderio-7.1.8-alpha.jar, locator: jarinjar, reader: mod manifest]
[188月2025 20:42:28.817] [main/INFO] [net.neoforged.fml.loading.moddiscovery.ModDiscoverer/SCAN]: Found gamelibrary file "thedarkcolour.kfflib-5.9.0.jar" [parent: kotlinforforge-5.9.0-all.jar, locator: jarinjar, reader: mod manifest]
[188月2025 20:42:28.819] [main/INFO] [net.neoforged.fml.loading.moddiscovery.ModDiscoverer/SCAN]: Found mod file "fabric-resource-conditions-api-v1-4.3.0+5bdd099819.jar" [parent: forgified-fabric-api-0.115.6+2.1.0+1.21.1.jar, locator: jarinjar, reader: mod manifest]
[188月2025 20:42:28.826] [main/INFO] [net.neoforged.fml.loading.moddiscovery.ModDiscoverer/SCAN]: Found library file "javaparser-symbol-solver-core-3.24.8.jar" [parent: ProbeJS-7.5.1.jar, locator: jarinjar]
[188月2025 20:42:28.826] [main/INFO] [net.neoforged.fml.loading.moddiscovery.ModDiscoverer/SCAN]: Found mod file "thedarkcolour.kffmod-5.9.0.jar" [parent: kotlinforforge-5.9.0-all.jar, locator: jarinjar, reader: mod manifest]
[188月2025 20:42:28.826] [main/INFO] [net.neoforged.fml.loading.moddiscovery.ModDiscoverer/SCAN]: Found library file "kotlin-reflect-2.1.21.jar" [parent: kotlinforforge-5.9.0-all.jar, locator: jarinjar]
[188月2025 20:42:28.826] [main/INFO] [net.neoforged.fml.loading.moddiscovery.ModDiscoverer/SCAN]: Found library file "flexmark-util-visitor-0.64.8.jar" [parent: ModernUI-NeoForge-1.21.1-3.11.1.9-universal.jar, locator: jarinjar]
[188月2025 20:42:28.828] [main/INFO] [net.neoforged.fml.loading.moddiscovery.ModDiscoverer/SCAN]: Found mod file "flywheel-neoforge-1.21.1-1.0.4.jar" [parent: vanillin-neoforge-1.21.1-1.1.3.jar, locator: jarinjar, reader: mod manifest]
[188月2025 20:42:28.828] [main/INFO] [net.neoforged.fml.loading.moddiscovery.ModDiscoverer/SCAN]: Found library file "velocity-native-3.4.0-SNAPSHOT.jar" [parent: krypton-neoforge-1.21.1-0.2.20.jar, locator: jarinjar]
[188月2025 20:42:28.828] [main/INFO] [net.neoforged.fml.loading.moddiscovery.ModDiscoverer/SCAN]: Found mod file "fabric-item-group-api-v1-4.1.7+e324903319.jar" [parent: forgified-fabric-api-0.115.6+2.1.0+1.21.1.jar, locator: jarinjar, reader: mod manifest]
[188月2025 20:42:28.828] [main/INFO] [net.neoforged.fml.loading.moddiscovery.ModDiscoverer/SCAN]: Found mod file "fabric-gametest-api-v1-2.0.5+29f188ce19.jar" [parent: forgified-fabric-api-0.115.6+2.1.0+1.21.1.jar, locator: jarinjar, reader: mod manifest]
[188月2025 20:42:28.828] [main/INFO] [net.neoforged.fml.loading.moddiscovery.ModDiscoverer/SCAN]: Found library file "flexmark-util-sequence-0.64.8.jar" [parent: ModernUI-NeoForge-1.21.1-3.11.1.9-universal.jar, locator: jarinjar]
[188月2025 20:42:28.830] [main/INFO] [net.neoforged.fml.loading.moddiscovery.ModDiscoverer/SCAN]: Found mod file "fabric-biome-api-v1-13.0.31+1e62d33c19.jar" [parent: forgified-fabric-api-0.115.6+2.1.0+1.21.1.jar, locator: jarinjar, reader: mod manifest]
[188月2025 20:42:28.830] [main/INFO] [net.neoforged.fml.loading.moddiscovery.ModDiscoverer/SCAN]: Found mod file "com.enderio.enderio-conduits-modded-7.1.8-alpha.jar" [parent: enderio-7.1.8-alpha.jar, locator: jarinjar, reader: mod manifest]
[188月2025 20:42:28.830] [main/INFO] [net.neoforged.fml.loading.moddiscovery.ModDiscoverer/SCAN]: Found mod file "fabric-registry-sync-v0-5.2.0+867470b919.jar" [parent: forgified-fabric-api-0.115.6+2.1.0+1.21.1.jar, locator: jarinjar, reader: mod manifest]
[188月2025 20:42:28.830] [main/INFO] [net.neoforged.fml.loading.moddiscovery.ModDiscoverer/SCAN]: Found mod file "fabric-recipe-api-v1-5.0.14+59440bcc19.jar" [parent: forgified-fabric-api-0.115.6+2.1.0+1.21.1.jar, locator: jarinjar, reader: mod manifest]
[188月2025 20:42:28.830] [main/INFO] [net.neoforged.fml.loading.moddiscovery.ModDiscoverer/SCAN]: Found mod file "fabric-object-builder-api-v1-15.2.1+cc242efd19.jar" [parent: forgified-fabric-api-0.115.6+2.1.0+1.21.1.jar, locator: jarinjar, reader: mod manifest]
[188月2025 20:42:28.830] [main/INFO] [net.neoforged.fml.loading.moddiscovery.ModDiscoverer/SCAN]: Found mod file "fabric-sound-api-v1-1.0.23+10b84f8419.jar" [parent: forgified-fabric-api-0.115.6+2.1.0+1.21.1.jar, locator: jarinjar, reader: mod manifest]
[188月2025 20:42:28.830] [main/INFO] [net.neoforged.fml.loading.moddiscovery.ModDiscoverer/SCAN]: Found library file "flexmark-util-dependency-0.64.8.jar" [parent: ModernUI-NeoForge-1.21.1-3.11.1.9-universal.jar, locator: jarinjar]
[188月2025 20:42:28.830] [main/INFO] [net.neoforged.fml.loading.moddiscovery.ModDiscoverer/SCAN]: Found mod file "fabric-message-api-v1-6.0.13+e053909619.jar" [parent: forgified-fabric-api-0.115.6+2.1.0+1.21.1.jar, locator: jarinjar, reader: mod manifest]
[188月2025 20:42:28.830] [main/INFO] [net.neoforged.fml.loading.moddiscovery.ModDiscoverer/SCAN]: Found mod file "fabric-data-generation-api-v1-20.2.28+2d91a6db19.jar" [parent: forgified-fabric-api-0.115.6+2.1.0+1.21.1.jar, locator: jarinjar, reader: mod manifest]
[188月2025 20:42:28.830] [main/INFO] [net.neoforged.fml.loading.moddiscovery.ModDiscoverer/SCAN]: Found mod file "fabric-events-interaction-v0-0.7.13+7b71cc1619.jar" [parent: forgified-fabric-api-0.115.6+2.1.0+1.21.1.jar, locator: jarinjar, reader: mod manifest]
[188月2025 20:42:28.834] [main/INFO] [net.neoforged.fml.loading.moddiscovery.ModDiscoverer/]: 
     Mod List:
		Name Version (Mod Id)

		ActionLib 1.10.1 (actionlib)
		Advanced AE 1.2.5-1.21.1 (advanced_ae)
		AE2 MEGA Things 2.0.4 (ae2_mega_things)
		AE2 Things 1.4.2-beta (ae2things)
		AE2:Crafting Tree 1.21.1-1.1.0 (ae2ct)
		AE2WTLib 19.2.5 (ae2wtlib)
		AE2WTLib API 19.2.5 (ae2wtlib_api)
		AEInfinityBooster 1.21.1-1.0.0.52 (aeinfinitybooster)
		All The Leaks 0.1.27-beta+1.21.1-neoforge (alltheleaks)
		AppleSkin 3.0.7+mc1.21 (appleskin)
		Applied Energistics 2 19.2.15 (ae2)
		Applied Mekanistics 1.6.2 (appmek)
		AppliedE 1.0.8-beta (appliede)
		Architectury 13.0.8 (architectury)
		Bad Packets 0.8.2 (badpackets)
		BetterTitleScreen 1.14.0 (bettertitlescreen)
		Bigger AE2 1.4.8 (bigger_ae2)
		Bookshelf 21.1.67 (bookshelf)
		Brandon's Core 3.2.1.307 (brandonscore)
		Building Gadgets 2 1.3.9 (buildinggadgets2)
		Carry On 2.2.2 (carryon)
		Chat Heads 0.13.20 (chat_heads)
		ChatImage 1.4.7+1.21.0+neoforge (chatimage)
		Cloth Config v15 API 15.0.140 (cloth_config)
		CodeChicken Lib 4.6.1.524 (codechickenlib)
		CommonCapabilities 2.9.12 (commoncapabilities)
		conditional mixin 0.6.4 (conditional_mixin)
		Configured 2.6.0 (configured)
		Connected Glass 1.1.14 (connectedglass)
		ConnectedTexturesMod 1.21-1.2.1+3 (ctm)
		Construction Sticks 1.2.2 (constructionstick)
		CoroUtil 1.21.0-1.3.8 (coroutil)
		Create 6.0.6 (create)
		Create Crafts & Additions 1.5.1 (createaddition)
		Create Liquid Fuel 2.1.1-1.21.1 (createliquidfuel)
		Create Stuff 'N Additions 2.1.0. (create_sa)
		Create: Bells & Whistles 0.4.7-1.21.1 (bellsandwhistles)
		Create: Connected 1.1.6-mc1.21.1 (create_connected)
		Create: Dragons Plus 1.6.1 (create_dragons_plus)
		Create: Enchantment Industry 2.1.7 (create_enchantment_industry)
		create: things and misc 1.0.0 (create_things_and_misc)
		Curios API 9.5.1+1.21.1 (curios)
		Custom Window Title 1.4.1 (customwindowtitle)
		Cyclops Core 1.26.2 (cyclopscore)
		Draconic Evolution 3.1.3.625 (draconicevolution)
		Dynamic Lights 1.21.1.2NF (dynamiclights)
		Easy Disenchanting 1.0.1 (easydisenchanting)
		EdivadLib 3.0.0 (edivadlib)
		Embeddium 1.0.15+mc1.21.1 (embeddium)
		Embeddium Extra 0.5.7e+mc1.21-build.132 (embeddium_extra)
		Enchanting Infuser 21.1.2 (enchantinginfuser)
		Ender Core 7.1.8-alpha (endercore)
		Ender IO 7.1.8-alpha (enderio)
		Ender IO Armory 7.1.8-alpha (enderio_armory)
		Ender IO Base 7.1.8-alpha (enderio_base)
		Ender IO Conduits 7.1.8-alpha (enderio_conduits)
		Ender IO Machines 7.1.8-alpha (enderio_machines)
		Ender IO Modded Conduits 7.1.8-alpha (enderio_conduits_modded)
		Entangled 1.3.20+a (entangled)
		EntityCulling 1.8.2 (entityculling)
		Explorer's Compass 1.21.1-3.0.3-neoforge (explorerscompass)
		ExtendedAE 1.21-2.2.18-neoforge (extendedae)
		ExtraStorage 5.0.5 (extrastorage)
		Extreme Reactors 1.21.1-2.4.24 (bigreactors)
		Flux Networks 8.0.0 (fluxnetworks)
		Flywheel 1.0.4 (flywheel)
		Forgified Fabric API 0.115.6+2.1.0+1.21.1 (fabric_api)
		Forgified Fabric API Base 0.4.42+d1308ded19 (fabric_api_base)
		Forgified Fabric API Lookup API (v1) 1.6.70+c21168c319 (fabric_api_lookup_api_v1)
		Forgified Fabric Biome API (v1) 13.0.31+1e62d33c19 (fabric_biome_api_v1)
		Forgified Fabric Block API (v1) 1.0.22+a6e994cd19 (fabric_block_api_v1)
		Forgified Fabric BlockRenderLayer Registration (v1) 1.1.52+b089b4bd19 (fabric_blockrenderlayer_v1)
		Forgified Fabric BlockView API (v2) 1.0.11+e9036fd419 (fabric_block_view_api_v2)
		Forgified Fabric Client Tags 1.1.15+e053909619 (fabric_client_tags_api_v1)
		Forgified Fabric Command API (v2) 2.2.28+36d727be19 (fabric_command_api_v2)
		Forgified Fabric Content Registries (v0) 8.0.18+0a0c14ff19 (fabric_content_registries_v0)
		Forgified Fabric Convention Tags 2.1.4+7f945d5b19 (fabric_convention_tags_v1)
		Forgified Fabric Convention Tags (v2) 2.11.0+87e5848019 (fabric_convention_tags_v2)
		Forgified Fabric Data Attachment API (v1) 1.4.3+58235da019 (fabric_data_attachment_api_v1)
		Forgified Fabric Data Generation API (v1) 20.2.28+2d91a6db19 (fabric_data_generation_api_v1)
		Forgified Fabric Entity Events (v1) 1.7.0+1af6e62419 (fabric_entity_events_v1)
		Forgified Fabric Events Interaction (v0) 0.7.13+7b71cc1619 (fabric_events_interaction_v0)
		Forgified Fabric Game Rule API (v1) 1.0.53+36d727be19 (fabric_game_rule_api_v1)
		Forgified Fabric Game Test API (v1) 2.0.5+29f188ce19 (fabric_gametest_api_v1)
		Forgified Fabric Item API (v1) 11.1.1+57cdfa8219 (fabric_item_api_v1)
		Forgified Fabric Item Group API (v1) 4.1.7+e324903319 (fabric_item_group_api_v1)
		Forgified Fabric Key Binding API (v1) 1.0.47+62cc7ce119 (fabric_key_binding_api_v1)
		Forgified Fabric Lifecycle Events (v1) 2.5.0+a2ee258a19 (fabric_lifecycle_events_v1)
		Forgified Fabric Loot API (v2) 3.0.15+a3ee712d19 (fabric_loot_api_v2)
		Forgified Fabric Loot API (v3) 1.0.3+333dfad919 (fabric_loot_api_v3)
		Forgified Fabric Message API (v1) 6.0.13+e053909619 (fabric_message_api_v1)
		Forgified Fabric Model Loading API (v1) 2.0.0+986ae77219 (fabric_model_loading_api_v1)
		Forgified Fabric Networking API (v1) 4.3.0+4f690eb619 (fabric_networking_api_v1)
		Forgified Fabric Object Builder API (v1) 15.2.1+cc242efd19 (fabric_object_builder_api_v1)
		Forgified Fabric Particles (v1) 4.0.2+824f924c19 (fabric_particles_v1)
		Forgified Fabric Recipe API (v1) 5.0.14+59440bcc19 (fabric_recipe_api_v1)
		Forgified Fabric Registry Sync (v0) 5.2.0+867470b919 (fabric_registry_sync_v0)
		Forgified Fabric Renderer - Indigo 1.7.0+4198af7119 (fabric_renderer_indigo)
		Forgified Fabric Renderer API (v1) 3.4.0+9c40919e19 (fabric_renderer_api_v1)
		Forgified Fabric Rendering (v1) 5.0.5+077ba95f19 (fabric_rendering_v1)
		Forgified Fabric Rendering Data Attachment (v1) 0.3.49+73761d2e19 (fabric_rendering_data_attachment_v1)
		Forgified Fabric Rendering Fluids (v1) 3.1.6+857185bc19 (fabric_rendering_fluids_v1)
		Forgified Fabric Resource Conditions API (v1) 4.3.0+5bdd099819 (fabric_resource_conditions_api_v1)
		Forgified Fabric Resource Loader (v0) 1.3.1+4ea8954419 (fabric_resource_loader_v0)
		Forgified Fabric Screen API (v1) 2.0.25+4228281319 (fabric_screen_api_v1)
		Forgified Fabric Screen Handler API (v1) 1.3.88+8dbc56dd19 (fabric_screen_handler_api_v1)
		Forgified Fabric Sound API (v1) 1.0.23+10b84f8419 (fabric_sound_api_v1)
		Forgified Fabric Transfer API (v1) 5.4.2+a25cb45619 (fabric_transfer_api_v1)
		Forgified Fabric Transitive Access Wideners (v1) 6.2.0+6c854b6f19 (fabric_transitive_access_wideners_v1)
		FTB Backups 2 1.0.28 (ftbbackups2)
		FTB Chunks 2101.1.9 (ftbchunks)
		FTB Library 2101.1.19 (ftblibrary)
		FTB Quests 2101.1.14 (ftbquests)
		FTB Teams 2101.1.2 (ftbteams)
		FTB Ultimine 2101.1.7 (ftbultimine)
		FTB XMod Compat 21.1.5 (ftbxmodcompat)
		Functional Storage 1.21.1-1.5.3 (functionalstorage)
		Fusion 1.2.10 (fusion)
		GeckoLib 4 4.7.6 (geckolib)
		Glodium 1.21-2.2-neoforge (glodium)
		GuideME 21.1.14 (guideme)
		IMBlocker 5.4.2 (imblocker)
		Immersive Engineering 12.4.2-194 (immersiveengineering)
		IntegratedCrafting 1.2.3 (integratedcrafting)
		IntegratedDynamics 1.27.9 (integrateddynamics)
		IntegratedTerminals 1.6.15 (integratedterminals)
		IntegratedTunnels 1.8.44 (integratedtunnels)
		Inventory Profiles Next 2.1.11 (inventoryprofilesnext)
		JER Integration 6.5.0 (jerintegration)
		Just Enough Characters 4.5.22 (jecharacters)
		Just Enough Immersive Multiblocks 1.0.4 (jeimultiblocks)
		Just Enough Items 19.22.1.316 (jei)
		Just Enough Mekanism Multiblocks 7.7 (jei_mekanism_multiblocks)
		Just Enough Resources 1.6.0.17 (jeresources)
		Kotlin For Forge 5.9.0 (kotlinforforge)
		Krypton FNP 0.2.20 (krypton)
		KubeJS 2101.7.1-build.181 (kubejs)
		KubeJS EnderIO 1.21.1-0.7.2 (kubejs_enderio)
		KubeJS Mekanism 2101.1.6-build.6 (kubejs_mekanism)
		Lan Server Properties 1.13.2 (lanserverproperties)
		libIPN 6.5.1 (libipn)
		Lithium 0.15.0+mc1.21.1 (lithium)
		MEGA Cells 4.10.1 (megacells)
		Mekanism 10.7.15 (mekanism)
		Mekanism Unleashed 1.21.1-0.3.2 (mekanism_unleashed)
		Mekanism: Additions 10.7.15 (mekanismadditions)
		Mekanism: Generators 10.7.15 (mekanismgenerators)
		Minecraft 1.21.1 (minecraft)
		MmmMmmMmmMmm 1.21-2.0.9 (dummmmmmy)
		Modern UI 3.11.1.9 (modernui)
		ModernFix 5.24.3+mc1.21.1 (modernfix)
		Modular Routers 13.2.3 (modularrouters)
		Moonlight Lib 1.21-2.20.7 (moonlight)
		More Functional Storage 1.2.2 (morefunctionalstorage)
		Mouse Tweaks 2.26.1 (mousetweaks)
		Nature's Compass 1.21.1-3.0.2-neoforge (naturescompass)
		NeoForge 21.1.197 (neoforge)
		OpenLoader 21.1.5 (openloader)
		PackagedAuto 4.0.5.15 (packagedauto)
		PackagedAvaritia:Re 3.0.1.5 (packagedavaritia)
		PackagedDraconic 4.0.0.0 (packageddraconic)
		Patchouli 1.21.1-92-NEOFORGE (patchouli)
		Pipez 1.21.1-1.2.19 (pipez)
		PolyLib 2100.0.3-build.172 (polylib)
		Polymorph 1.1.0+1.21.1 (polymorph)
		Polymorphic Energistics 0.4.1 (polyeng)
		Ponder 1.0.56 (ponder)
		PonderJS 1.21.1-2.1.3 (ponderjs)
		PrickleMC 21.1.8 (prickle)
		ProbeJS 7.5.1 (probejs)
		Project Expansion 1.0.1 (projectexpansion)
		ProjectE 1.1.0 (projecte)
		Puzzles Lib 21.1.38 (puzzleslib)
		Re-Avaritia 1.3.9.0 (avaritia)
		Refined Storage 2.0.0-beta.9 (refinedstorage)
		Rhino 2101.2.7-build.77 (rhino)
		RSInfinityBooster 1.21.1-1.0.0.48 (rsinfinitybooster)
		RuOK Mod 1.7.0 (ruokmod)
		Sit 1.4 (sit)
		SuperMartijn642's Config Library 1.1.8 (supermartijn642configlib)
		SuperMartijn642's Core Lib 1.1.18+a (supermartijn642corelib)
		Time In A Bottle 6.5.0 (tiab)
		Time in a bottle Curio Support 3.0.1 (tiabcurio)
		Tips 21.1.2 (tipsmod)
		Titanium 4.0.40 (titanium)
		TRansition 1.0.3 (transition)
		TRender 1.0.5 (trender)
		TxniLib 1.0.24 (txnilib)
		Vanillin 1.1.3 (vanillin)
		What Are They Up To 1.21.0-1.2.7 (watut)
		wthit 12.5.4 (wthit)
		Xaero's Minimap 25.2.10 (xaerominimap)
		Xaero's World Map 1.39.12 (xaeroworldmap)
		XPlus AutoFish 1.3.3-neoforged (autofish)
		Zero CORE 2 1.21.1-2.4.18 (zerocore)
[188月2025 20:42:30.417] [main/INFO] [net.neoforged.fml.loading.FMLServiceProvider/CORE]: Loading coremod script-engine for [xaerominimap, xaeroworldmap]
[188月2025 20:42:42.481] [main/INFO] [mixin/]: Compatibility level set to JAVA_17
[188月2025 20:42:42.547] [main/INFO] [mixin/]: Compatibility level set to JAVA_21
[188月2025 20:42:44.584] [main/INFO] [net.fabricmc.loader.impl.bootstrap.FabricLoaderBootstrap/]: Propagating FML mod list to Fabric Loader
[188月2025 20:42:44.684] [main/INFO] [cpw.mods.modlauncher.LaunchServiceHandler/MODLAUNCHER]: Launching target 'forgeclient' with arguments [--version, EMC & FE +++, --gameDir, E:\game\Minecraft\PCL2\.minecraft\versions\EMC & FE +++, --assetsDir, E:\game\Minecraft\PCL2\.minecraft\assets, --uuid, aeaaa8543c98460d80716cc5f3d4bdb0, --username, Hamburger0abcde, --assetIndex, 17, --accessToken, ????????, --clientId, ${clientid}, --xuid, ${auth_xuid}, --userType, msa, --versionType, Hamburger0abcde/UzumakiBoruto, --width, 854, --height, 480]
[188月2025 20:42:45.248] [main/WARN] [mixin/]: Reference map 'ChatImage.refmap.json' for chatimage.mixins.json could not be read. If this is a development environment you can ignore this message
[188月2025 20:42:46.033] [main/INFO] [ModernFix/]: Loaded configuration file for ModernFix 5.24.3+mc1.21.1: 78 options available, 13 override(s) found
[188月2025 20:42:46.036] [main/WARN] [ModernFix/]: Option 'mixin.perf.deduplicate_wall_shapes' overriden (by load error) to 'false'
[188月2025 20:42:46.036] [main/WARN] [ModernFix/]: Option 'mixin.bugfix.paper_chunk_patches' overriden (by load error) to 'false'
[188月2025 20:42:46.047] [main/WARN] [ModernFix/]: Option 'mixin.perf.smart_ingredient_sync' overriden (by load error) to 'false'
[188月2025 20:42:46.050] [main/WARN] [ModernFix/]: Option 'mixin.perf.cache_strongholds' overriden (by load error) to 'false'
[188月2025 20:42:46.050] [main/WARN] [ModernFix/]: Option 'mixin.perf.faster_ingredients' overriden (by load error) to 'false'
[188月2025 20:42:46.050] [main/WARN] [ModernFix/]: Option 'mixin.perf.faster_texture_stitching' overriden (by load error) to 'false'
[188月2025 20:42:46.050] [main/WARN] [ModernFix/]: Option 'mixin.bugfix.entity_pose_stack' overriden (by load error) to 'false'
[188月2025 20:42:46.050] [main/WARN] [ModernFix/]: Option 'mixin.feature.warn_missing_perf_mods' overriden (by user configuration) to 'false'
[188月2025 20:42:46.050] [main/WARN] [ModernFix/]: Option 'mixin.bugfix.chunk_deadlock' overriden (by load error) to 'false'
[188月2025 20:42:46.050] [main/WARN] [ModernFix/]: Option 'mixin.perf.thread_priorities' overriden (by load error) to 'false'
[188月2025 20:42:46.050] [main/WARN] [ModernFix/]: Option 'mixin.launch.class_search_cache' overriden (by load error) to 'false'
[188月2025 20:42:46.050] [main/WARN] [ModernFix/]: Option 'mixin.perf.datapack_reload_exceptions' overriden (by load error) to 'false'
[188月2025 20:42:46.050] [main/WARN] [ModernFix/]: Option 'mixin.perf.dynamic_dfu' overriden (by load error) to 'false'
[188月2025 20:42:46.054] [main/INFO] [ModernFix/]: Applying Nashorn fix
[188月2025 20:42:46.120] [main/WARN] [mixin/]: Reference map 'prickle.refmap.json' for prickle.mixins.json could not be read. If this is a development environment you can ignore this message
[188月2025 20:42:46.154] [main/WARN] [mixin/]: Reference map '' for chat_heads.mixins.json could not be read. If this is a development environment you can ignore this message
[188月2025 20:42:46.233] [main/WARN] [mixin/]: Reference map '' for chat_heads.neoforge.mixins.json could not be read. If this is a development environment you can ignore this message
[188月2025 20:42:46.354] [main/INFO] [Embeddium/]: Loaded configuration file for Embeddium: 45 options available, 0 override(s) found
[188月2025 20:42:46.428] [main/INFO] [Embeddium-GraphicsAdapterProbe/]: Searching for graphics cards...
[188月2025 20:42:48.019] [main/INFO] [Embeddium-GraphicsAdapterProbe/]: Found graphics card: GraphicsAdapterInfo[vendor=INTEL, name=Intel(R) UHD Graphics, version=32.0.101.6737]
[188月2025 20:42:48.062] [main/WARN] [mixin/]: Reference map 'embeddium-refmap.json' for embeddium.mixins.json could not be read. If this is a development environment you can ignore this message
[188月2025 20:42:48.067] [main/WARN] [mixin/]: Reference map 'supermartijn642corelib.mixins.refmap.json' for supermartijn642corelib.mixins.json could not be read. If this is a development environment you can ignore this message
[188月2025 20:42:48.079] [main/WARN] [mixin/]: Reference map 'krypton.refmap.json' for krypton.mixins.json could not be read. If this is a development environment you can ignore this message
[188月2025 20:42:48.082] [main/WARN] [mixin/]: Reference map 'customwindowtitle.refmap.json' for customwindowtitle.mixins.json could not be read. If this is a development environment you can ignore this message
[188月2025 20:42:48.095] [main/WARN] [mixin/]: Reference map 'AEInfinityBooster.refmap.json' for AEInfinityBooster.mixins.json could not be read. If this is a development environment you can ignore this message
[188月2025 20:42:48.163] [main/INFO] [LithiumConfig/]: Option 'mixin.experimental.entity.block_caching.suffocation' requires 'mixin.util.block_tracking=true' but found 'false'. Setting 'mixin.experimental.entity.block_caching.suffocation=false'.
[188月2025 20:42:48.163] [main/INFO] [LithiumConfig/]: Option 'mixin.experimental.entity.block_caching.block_support' requires 'mixin.util.block_tracking=true' but found 'false'. Setting 'mixin.experimental.entity.block_caching.block_support=false'.
[188月2025 20:42:48.163] [main/INFO] [LithiumConfig/]: Option 'mixin.experimental.entity.block_caching.block_touching' requires 'mixin.util.block_tracking=true' but found 'false'. Setting 'mixin.experimental.entity.block_caching.block_touching=false'.
[188月2025 20:42:48.163] [main/INFO] [LithiumConfig/]: Option 'mixin.experimental.entity.block_caching' requires 'mixin.util.block_tracking=true' but found 'false'. Setting 'mixin.experimental.entity.block_caching=false'.
[188月2025 20:42:48.164] [main/INFO] [Lithium/]: Loaded configuration file for Lithium: 146 options available, 0 override(s) found
[188月2025 20:42:48.201] [main/WARN] [mixin/]: Reference map 'ponder.refmap.json' for ponder.mixins.json could not be read. If this is a development environment you can ignore this message
[188月2025 20:42:48.202] [main/WARN] [mixin/]: Reference map 'ponder.refmap.json' for ponder-common.mixins.json could not be read. If this is a development environment you can ignore this message
[188月2025 20:42:48.209] [main/WARN] [mixin/]: Reference map 'xaerominimap.refmap.json' for xaerohud.mixins.json could not be read. If this is a development environment you can ignore this message
[188月2025 20:42:48.219] [main/WARN] [mixin/]: Reference map 'xaerominimap.refmap.json' for xaerominimap.mixins.json could not be read. If this is a development environment you can ignore this message
[188月2025 20:42:48.242] [main/WARN] [mixin/]: Reference map 'polymorph.refmap.json' for polymorph.mixins.json could not be read. If this is a development environment you can ignore this message
[188月2025 20:42:48.247] [main/WARN] [mixin/]: Reference map 'polymorph.refmap.json' for polymorph-compatibility.mixins.json could not be read. If this is a development environment you can ignore this message
[188月2025 20:42:48.250] [main/WARN] [mixin/]: Reference map 'entityculling.refmap.mixins.json' for entityculling.mixins.json could not be read. If this is a development environment you can ignore this message
[188月2025 20:42:48.282] [main/INFO] [Embeddium Extra/]: Loaded configuration file for Sodium Extra: 28 options available, 0 override(s) found
[188月2025 20:42:48.469] [main/WARN] [mixin/]: Reference map 'geckolib.refmap.json' for geckolib.mixins.json could not be read. If this is a development environment you can ignore this message
[188月2025 20:42:48.480] [main/WARN] [mixin/]: Reference map 'tipsmod.refmap.json' for tipsmod.mixins.json could not be read. If this is a development environment you can ignore this message
[188月2025 20:42:48.482] [main/WARN] [mixin/]: Reference map 'projectexpansion.refmap.json' for projectexpansion.mixins.json could not be read. If this is a development environment you can ignore this message
[188月2025 20:42:48.484] [main/WARN] [mixin/]: Reference map 'xaeroworldmap.refmap.json' for xaeroworldmap.mixins.json could not be read. If this is a development environment you can ignore this message
[188月2025 20:42:48.487] [main/WARN] [mixin/]: Reference map 'bookshelf.refmap.json' for bookshelf.mixins.json could not be read. If this is a development environment you can ignore this message
[188月2025 20:42:48.754] [main/WARN] [mixin/]: Reference map 'carryon.refmap.json' for carryon.mixins.json could not be read. If this is a development environment you can ignore this message
[188月2025 20:42:48.766] [main/WARN] [mixin/]: Reference map 'rsinfinitybooster.refmap.json' for rsinfinitybooster.mixins.json could not be read. If this is a development environment you can ignore this message
[188月2025 20:42:48.781] [main/WARN] [mixin/]: Reference map 'create_connected.refmap.json' for create_connected.mixins.json could not be read. If this is a development environment you can ignore this message
[188月2025 20:42:48.785] [main/WARN] [mixin/]: Reference map 'xplusautofish.refmap.json' for autofish.mixins.json could not be read. If this is a development environment you can ignore this message
[188月2025 20:42:48.798] [main/WARN] [mixin/]: Reference map 'patchouli.refmap.json' for patchouli_xplat.mixins.json could not be read. If this is a development environment you can ignore this message
[188月2025 20:42:48.799] [main/WARN] [mixin/]: Reference map 'ActionLib.refmap.json' for actionlib.mixins.json could not be read. If this is a development environment you can ignore this message
[188月2025 20:42:48.802] [main/WARN] [mixin/]: Reference map 'CreateLiquidFuel.refmap.json' for createliquidfuel.mixins.json could not be read. If this is a development environment you can ignore this message
[188月2025 20:42:48.812] [main/WARN] [mixin/]: Reference map 'ipnext.refmap.json' for mixins.ipnext.json could not be read. If this is a development environment you can ignore this message
[188月2025 20:42:48.817] [main/WARN] [mixin/]: Reference map 'lsp.refmap.json' for lsp.mixins.json could not be read. If this is a development environment you can ignore this message
[188月2025 20:42:48.843] [main/WARN] [mixin/]: Reference map 'create.refmap.json' for create.mixins.json could not be read. If this is a development environment you can ignore this message
[188月2025 20:42:48.860] [main/WARN] [mixin/]: Reference map 'create_dragons_plus.refmap.json' for create_dragons_plus.mixins.json could not be read. If this is a development environment you can ignore this message
[188月2025 20:42:48.866] [main/WARN] [mixin/]: Reference map 'curios.refmap.json' for curios.neoforge.mixins.json could not be read. If this is a development environment you can ignore this message
[188月2025 20:42:48.869] [main/WARN] [mixin/]: Reference map 'curios.refmap.json' for curios.mixins.json could not be read. If this is a development environment you can ignore this message
[188月2025 20:42:48.877] [main/WARN] [mixin/]: Reference map 'mixins.aae.refmap.json' for mixins.aae.json could not be read. If this is a development environment you can ignore this message
[188月2025 20:42:48.916] [main/WARN] [mixin/]: Reference map 'avaritia.refmap.json' for avaritia.mixins.json could not be read. If this is a development environment you can ignore this message
[188月2025 20:42:48.934] [main/WARN] [mixin/]: Reference map 'watut.refmap.json' for watut.mixins.json could not be read. If this is a development environment you can ignore this message
[188月2025 20:42:48.943] [main/WARN] [mixin/]: Reference map 'ae2_mega_things.refmap.json' for ae2_mega_things.mixins.json could not be read. If this is a development environment you can ignore this message
[188月2025 20:42:48.945] [main/WARN] [mixin/]: Reference map 'create_enchantment_industry.refmap.json' for create_enchantment_industry.mixins.json could not be read. If this is a development environment you can ignore this message
[188月2025 20:42:48.947] [main/WARN] [mixin/]: Reference map 'openloader.refmap.json' for openloader.mixins.json could not be read. If this is a development environment you can ignore this message
[188月2025 20:42:48.984] [main/WARN] [mixin/]: Reference map 'mixins.brandonscore.refmap.json' for mixins.brandonscore.json could not be read. If this is a development environment you can ignore this message
[188月2025 20:42:48.986] [main/WARN] [mixin/]: Reference map 'mixins.draconicevolution.refmap.json' for mixins.draconicevolution.json could not be read. If this is a development environment you can ignore this message
[188月2025 20:42:50.153] [main/WARN] [mixin/]: Error loading class: com/refinedmods/refinedstorage/block/shape/ShapeCache (java.lang.ClassNotFoundException: com.refinedmods.refinedstorage.block.shape.ShapeCache)
[188月2025 20:42:50.379] [main/WARN] [mixin/]: Error loading class: com/ultramega/showcaseitem/ShowcaseItemFeature (java.lang.ClassNotFoundException: com.ultramega.showcaseitem.ShowcaseItemFeature)
[188月2025 20:42:50.651] [main/INFO] [KryptonMixinBootstrap/]: Mixin me.steinborn.krypton.mixin.shared.network.experimental.ServerLoginPacketListenerImplMixin enabled krypton.loginVT
[188月2025 20:42:50.653] [main/INFO] [KryptonMixinBootstrap/]: Mixin me.steinborn.krypton.mixin.shared.network.experimental.VarLongMixin enabled krypton.bestVarLong
[188月2025 20:42:50.878] [main/WARN] [mixin/]: Error loading class: com/simibubi/create/foundation/ponder/PonderWorld (java.lang.ClassNotFoundException: com.simibubi.create.foundation.ponder.PonderWorld)
[188月2025 20:42:52.262] [main/INFO] [AllTheLeaks/]: Class dev.uncandango.alltheleaks.leaks.common.mods.neoforge.Issue1487 will be loaded as it matches versions: 21.1.197 in [21.,)
[188月2025 20:42:52.267] [main/INFO] [AllTheLeaks/]: Mixins added to allowed list: [main.ServerPlayerMixin, main.PlayerListMixin, accessor.PlayerAdvancementsAccessor]
[188月2025 20:42:52.267] [main/INFO] [AllTheLeaks/]: Class dev.uncandango.alltheleaks.leaks.common.mods.neoforge.Issue1486 will be loaded as it matches versions: 21.1.197 in [21.,)
[188月2025 20:42:52.267] [main/INFO] [AllTheLeaks/]: Class dev.uncandango.alltheleaks.leaks.common.mods.minecraft.UntrackedIssue002 will be loaded as it matches versions: 1.21.1 in 1.21.1
[188月2025 20:42:52.270] [main/INFO] [AllTheLeaks/]: Class dev.uncandango.alltheleaks.leaks.common.mods.minecraft.UntrackedIssue001 will be loaded as it matches versions: 1.21.1 in 1.21.1
[188月2025 20:42:52.281] [main/INFO] [AllTheLeaks/]: Mixins added to allowed list: [main.EntityTickListMixin]
[188月2025 20:42:52.283] [main/INFO] [AllTheLeaks/]: Class dev.uncandango.alltheleaks.leaks.common.mods.kubejs.UntrackedIssue001 will be loaded as it matches versions: 2101.7.1-build.181 in [2101.7.0-build.171,2101.7.1-build.181]
[188月2025 20:42:52.283] [main/INFO] [AllTheLeaks/]: Mixins added to allowed list: [main.ServerScriptManagerMixin, accessor.ContextFactoryAccessor]
[188月2025 20:42:52.283] [main/INFO] [AllTheLeaks/]: Class dev.uncandango.alltheleaks.leaks.common.mods.ftbquests.UntrackedIssue001 will be loaded as it matches versions: 2101.1.14 in [2101.1.0,)
[188月2025 20:42:52.285] [main/INFO] [AllTheLeaks/]: Mixins added to allowed list: [main.FTBQuestsEventHandlerMixin]
[188月2025 20:42:52.285] [main/INFO] [AllTheLeaks/]: Class dev.uncandango.alltheleaks.leaks.common.mods.curios.Issue22 will be loaded as it matches versions: 9.5.1+1.21.1 in [9.0.6,)
[188月2025 20:42:52.285] [main/INFO] [AllTheLeaks/]: Mixins added to allowed list: [main.CuriosEventHandlerMixin]
[188月2025 20:42:52.285] [main/INFO] [AllTheLeaks/]: Class dev.uncandango.alltheleaks.leaks.common.mods.badpackets.UntrackedIssue001 will be loaded as it matches versions: 0.8.2 in [0.8.1,)
[188月2025 20:42:52.300] [main/INFO] [AllTheLeaks/]: Class dev.uncandango.alltheleaks.leaks.client.mods.neoforge.UntrackedIssue001 will be loaded as it matches versions: 21.1.197 in [21.,)
[188月2025 20:42:52.300] [main/INFO] [AllTheLeaks/]: Mixins added to allowed list: [main.MinecraftMixin2]
[188月2025 20:42:52.300] [main/INFO] [AllTheLeaks/]: Class dev.uncandango.alltheleaks.leaks.client.mods.mousetweaks.UntrackedIssue001 will be loaded as it matches versions: 2.26.1 in [2.26.1,)
[188月2025 20:42:52.300] [main/INFO] [AllTheLeaks/]: Class dev.uncandango.alltheleaks.leaks.client.mods.minecraft.UntrackedIssue001 will be loaded as it matches versions: 1.21.1 in 1.21.1
[188月2025 20:42:52.300] [main/INFO] [AllTheLeaks/]: Mixins added to allowed list: [main.MinecraftMixin]
[188月2025 20:42:52.302] [main/INFO] [AllTheLeaks/]: Class dev.uncandango.alltheleaks.leaks.client.mods.mekanism.UntrackedIssue001 will be loaded as it matches versions: 10.7.15 in [10.7.8,)
[188月2025 20:42:52.304] [main/INFO] [AllTheLeaks/]: Class dev.uncandango.alltheleaks.leaks.client.mods.jei.UntrackedIssue003 will be loaded as it matches versions: 19.22.1.316 in [19.8.4.113,)
[188月2025 20:42:52.304] [main/INFO] [AllTheLeaks/]: Mixins added to allowed list: [main.RecipeTransferButtonMixin]
[188月2025 20:42:52.311] [main/INFO] [AllTheLeaks/]: Class dev.uncandango.alltheleaks.leaks.client.mods.jei.UntrackedIssue002 will be loaded as it matches versions: 19.22.1.316 in [19.16.4.168,)
[188月2025 20:42:52.311] [main/INFO] [AllTheLeaks/]: Mixins added to allowed list: [accessor.BookmarkJsonConfigAccessor, accessor.TypedIngredientCodecsAccessor]
[188月2025 20:42:52.311] [main/INFO] [AllTheLeaks/]: Class dev.uncandango.alltheleaks.leaks.client.mods.jei.UntrackedIssue001 will be loaded as it matches versions: 19.22.1.316 in [19.19.5.232,)
[188月2025 20:42:52.311] [main/INFO] [AllTheLeaks/]: Mixins added to allowed list: [accessor.RecipeTransferManagerAccessor]
[188月2025 20:42:52.311] [main/INFO] [AllTheLeaks/]: Class dev.uncandango.alltheleaks.leaks.client.mods.immersiveengineering.UntrackedIssue001 will be loaded as it matches versions: 12.4.2-194 in [12.2.0-187,)
[188月2025 20:42:52.311] [main/INFO] [AllTheLeaks/]: Mixins added to allowed list: [main.ManualElementMultiblockMixin]
[188月2025 20:42:52.315] [main/INFO] [AllTheLeaks/]: Class dev.uncandango.alltheleaks.leaks.client.mods.ftblibrary.UntrackedIssue001 will be loaded as it matches versions: 2101.1.19 in [2101.1.1,)
[188月2025 20:42:52.315] [main/INFO] [AllTheLeaks/]: Mixins added to allowed list: [accessor.BaseScreenAccessor]
[188月2025 20:42:52.319] [main/INFO] [AllTheLeaks/]: Class dev.uncandango.alltheleaks.leaks.client.mods.buildinggadgets2.UntrackedIssue001 will be loaded as it matches versions: 1.3.9 in [1.3.7,)
[188月2025 20:42:52.319] [main/INFO] [AllTheLeaks/]: Class dev.uncandango.alltheleaks.fix.common.mods.kubejs.FixCachedTagLookup will be loaded as it matches versions: 2101.7.1-build.181 in [2101.7.1-build.181,2101.7.1-build.187]
[188月2025 20:42:52.328] [main/INFO] [AllTheLeaks/]: Mixins added to allowed list: [main.CachedTagLookupMixin]
[188月2025 20:42:52.328] [main/INFO] [AllTheLeaks/]: Extra dependecy Mod jei matches versions: 19.22.1.316 in *
[188月2025 20:42:52.328] [main/INFO] [AllTheLeaks/]: Class dev.uncandango.alltheleaks.fix.client.mods.enderio.FixModifyingStack will be loaded as it matches versions: 7.1.8-alpha in [7.1.8-alpha,7.1.8-alpha]
[188月2025 20:42:52.328] [main/INFO] [AllTheLeaks/]: Mixins added to allowed list: [main.WrappedEnchanterRecipeMixin]
[188月2025 20:42:53.485] [main/WARN] [mixin/]: Error loading class: me/jellysquid/mods/sodium/client/gui/SodiumOptionsGUI (java.lang.ClassNotFoundException: me.jellysquid.mods.sodium.client.gui.SodiumOptionsGUI)
[188月2025 20:42:53.485] [main/WARN] [mixin/]: @Mixin target me.jellysquid.mods.sodium.client.gui.SodiumOptionsGUI was not found RuOK.common.mixins.json:sodium.SodiumGUIMixin from mod ruokmod
[188月2025 20:42:53.654] [main/WARN] [mixin/]: Error loading class: com/copycatsplus/copycats/content/copycat/slab/CopycatSlabBlock (java.lang.ClassNotFoundException: com.copycatsplus.copycats.content.copycat.slab.CopycatSlabBlock)
[188月2025 20:42:53.654] [main/WARN] [mixin/]: @Mixin target com.copycatsplus.copycats.content.copycat.slab.CopycatSlabBlock was not found create_connected.mixins.json:compat.CopycatBlockMixin from mod create_connected
[188月2025 20:42:53.664] [main/WARN] [mixin/]: Error loading class: com/copycatsplus/copycats/content/copycat/board/CopycatBoardBlock (java.lang.ClassNotFoundException: com.copycatsplus.copycats.content.copycat.board.CopycatBoardBlock)
[188月2025 20:42:53.664] [main/WARN] [mixin/]: @Mixin target com.copycatsplus.copycats.content.copycat.board.CopycatBoardBlock was not found create_connected.mixins.json:compat.CopycatBlockMixin from mod create_connected
[188月2025 20:42:53.687] [main/WARN] [mixin/]: Error loading class: me/jellysquid/mods/lithium/common/ai/pathing/PathNodeDefaults (java.lang.ClassNotFoundException: me.jellysquid.mods.lithium.common.ai.pathing.PathNodeDefaults)
[188月2025 20:42:53.851] [main/WARN] [IMixinConfigPlugin/]: Inventory Profiles Next: Doing our own dependency resolving! Because Forge is being Forge....: https://github.com/MinecraftForge/MinecraftForge/issues/9088
[188月2025 20:42:53.853] [main/WARN] [mixin/]: Error loading class: dev/isxander/controlify/virtualmouse/VirtualMouseHandler (java.lang.ClassNotFoundException: dev.isxander.controlify.virtualmouse.VirtualMouseHandler)
[188月2025 20:42:53.863] [main/WARN] [mixin/]: @Mixin target dev.isxander.controlify.virtualmouse.VirtualMouseHandler was not found mixins.ipnext.json:MixinVirtualMouseHandler from mod inventoryprofilesnext
[188月2025 20:42:53.903] [main/WARN] [mixin/]: Error loading class: de/maxhenkel/easyvillagers/blocks/tileentity/TraderTileentityBase (java.lang.ClassNotFoundException: de.maxhenkel.easyvillagers.blocks.tileentity.TraderTileentityBase)
[188月2025 20:42:53.903] [main/WARN] [mixin/]: @Mixin target de.maxhenkel.easyvillagers.blocks.tileentity.TraderTileentityBase was not found mixins.ipnext.json:MixinTraderTileEntityBase from mod inventoryprofilesnext
[188月2025 20:42:54.403] [main/WARN] [mixin/]: Error loading class: mezz/modnametooltip/TooltipEventHandler (java.lang.ClassNotFoundException: mezz.modnametooltip.TooltipEventHandler)
[188月2025 20:42:54.412] [main/WARN] [mixin/]: Error loading class: me/shedaniel/rei/impl/client/ClientHelperImpl (java.lang.ClassNotFoundException: me.shedaniel.rei.impl.client.ClientHelperImpl)
[188月2025 20:42:56.369] [main/WARN] [mixin/]: Error loading class: net/minecraft/client/gui/components/AbstractScrollArea (java.lang.ClassNotFoundException: net.minecraft.client.gui.components.AbstractScrollArea)
[188月2025 20:42:56.369] [main/WARN] [mixin/]: @Mixin target net.minecraft.client.gui.components.AbstractScrollArea was not found imblocker-neoforge.mixins.json:AbstractScrollWidgetMixin from mod imblocker
[188月2025 20:42:56.450] [main/WARN] [mixin/]: Error loading class: net/minecraft/client/gui/components/AbstractScrollArea (java.lang.ClassNotFoundException: net.minecraft.client.gui.components.AbstractScrollArea)
[188月2025 20:42:56.452] [main/WARN] [mixin/]: Error loading class: net/minecraft/client/gui/components/AbstractScrollArea (java.lang.ClassNotFoundException: net.minecraft.client.gui.components.AbstractScrollArea)
[188月2025 20:42:56.570] [main/INFO] [MixinExtras|Service/]: Initializing MixinExtras via com.llamalad7.mixinextras.service.MixinExtrasServiceImpl(version=0.5.0).
[188月2025 20:43:00.420] [main/WARN] [mixin/]: Static binding violation: PRIVATE @Overwrite method decoratedId in modernfix-neoforge.mixins.json:perf.tag_id_caching.TagOrElementLocationMixin from mod modernfix cannot reduce visibiliy of PUBLIC target method, visibility will be upgraded.
[188月2025 20:43:06.568] [Datafixer Bootstrap/INFO] [com.mojang.datafixers.DataFixerBuilder/]: 229 Datafixer optimizations took 1720 milliseconds
[188月2025 20:43:07.130] [pool-7-thread-1/INFO] [net.minecraft.server.Bootstrap/]: ModernFix reached bootstrap stage (5.031 min after launch)
[188月2025 20:43:15.139] [pool-7-thread-1/WARN] [mixin/]: Static binding violation: PRIVATE @Overwrite method getTemperature in modernfix-common.mixins.json:perf.remove_biome_temperature_cache.BiomeMixin from mod modernfix cannot reduce visibiliy of PUBLIC target method, visibility will be upgraded.
[188月2025 20:43:15.166] [pool-7-thread-1/WARN] [mixin/]: Method overwrite conflict for getTemperature in lithium.mixins.json:world.temperature_cache.BiomeMixin from mod lithium, previously written by org.embeddedt.modernfix.common.mixin.perf.remove_biome_temperature_cache.BiomeMixin. Skipping method.
[188月2025 20:43:30.989] [pool-7-thread-1/INFO] [io.github.kituin.actionlib.ActionLib/]: Add New HoverEvent: 1
[188月2025 20:43:30.989] [pool-7-thread-1/INFO] [io.github.kituin.actionlib.ActionLib/]: Register All HoverEvent Counts: 4
[188月2025 20:43:31.550] [pool-7-thread-1/INFO] [net.minecraft.server.Bootstrap/]: Vanilla bootstrap took 24416 milliseconds
[188月2025 20:43:31.781] [main/INFO] [mixin/]: mixins.codechickenlib.json:ShaderInstanceMixin from mod (unknown)->@Invoker[METHOD_PROXY]::callGetOrCreate(Lnet/minecraft/server/packs/resources/ResourceProvider;Lcom/mojang/blaze3d/shaders/Program$Type;Ljava/lang/String;)Lcom/mojang/blaze3d/shaders/Program; should be static as its target is
[188月2025 20:43:32.802] [Render thread/WARN] [net.minecraft.server.packs.VanillaPackResourcesBuilder/]: Assets URL 'union:/E:/game/Minecraft/PCL2/.minecraft/libraries/net/minecraft/client/1.21.1-20240808.144430/client-1.21.1-20240808.144430-srg.jar%23328!/assets/.mcassetsroot' uses unexpected schema
[188月2025 20:43:32.802] [Render thread/WARN] [net.minecraft.server.packs.VanillaPackResourcesBuilder/]: Assets URL 'union:/E:/game/Minecraft/PCL2/.minecraft/libraries/net/minecraft/client/1.21.1-20240808.144430/client-1.21.1-20240808.144430-srg.jar%23328!/data/.mcassetsroot' uses unexpected schema
[188月2025 20:43:32.955] [Render thread/INFO] [com.mojang.authlib.yggdrasil.YggdrasilAuthenticationService/]: Environment: Environment[sessionHost=http://127.0.0.1:60354/https/sessionserver.mojang.com, servicesHost=http://127.0.0.1:60354/https/api.minecraftservices.com, name=PROD]
[188月2025 20:43:33.056] [Render thread/INFO] [net.minecraft.client.Minecraft/]: Setting user: Hamburger0abcde
[188月2025 20:43:34.721] [Render thread/INFO] [net.minecraft.client.Minecraft/]: Backend library: LWJGL version 3.3.3+5
[188月2025 20:43:35.056] [Render thread/INFO] [ModernUI/Core]: Created MuiForgeAPI
[188月2025 20:43:35.069] [Render thread/INFO] [ModernUI/Core]: Detected OpenGL 4.6 Core Profile from FML Early Window
[188月2025 20:43:35.217] [Render thread/INFO] [Embeddium-PostlaunchChecks/]: OpenGL Vendor: Intel
[188月2025 20:43:35.217] [Render thread/INFO] [Embeddium-PostlaunchChecks/]: OpenGL Renderer: Intel(R) UHD Graphics
[188月2025 20:43:35.219] [Render thread/INFO] [Embeddium-PostlaunchChecks/]: OpenGL Version: 4.6.0 - Build 32.0.101.6737
[188月2025 20:43:36.403] [Render thread/INFO] [Arc3D/]: Identified OpenGL vendor: INTEL
[188月2025 20:43:36.403] [Render thread/INFO] [Arc3D/]: Identified OpenGL driver: INTEL
[188月2025 20:43:36.403] [Render thread/INFO] [Arc3D/]: Intel GPU detected, disabling DSA
[188月2025 20:43:36.405] [Render thread/INFO] [Arc3D/]: Using OpenGL 4.5 and GLSL 4.50
[188月2025 20:43:36.405] [Render thread/INFO] [Arc3D/]: Use KHR_blend_equation_advanced_coherent
[188月2025 20:43:36.551] [Render thread/INFO] [ModernUI/Core]: OpenGL vendor: Intel
[188月2025 20:43:36.551] [Render thread/INFO] [ModernUI/Core]: OpenGL renderer: Intel(R) UHD Graphics
[188月2025 20:43:36.551] [Render thread/INFO] [ModernUI/Core]: OpenGL version: 4.6.0 - Build 32.0.101.6737
[188月2025 20:43:36.561] [Render thread/INFO] [ModernUI/Core]: OpenGL caps: 
AnisotropySupport: true
GpuTracingSupport: false
ConservativeRasterSupport: false
TextureBarrierSupport: true
DepthClipNegativeOneToOne: true
BlendEquationSupport: ADVANCED_COHERENT
ClampToBorderSupport: true
MaxRenderTargetSize: 16384
MaxPreferredRenderTargetSize: 16384
MaxVertexAttributes: 16
MaxVertexBindings: 16
MaxTextureSize: 16384
MaxPushConstantsSize: 0
MaxColorAttachments: 8
MinUniformBufferOffsetAlignment: 16
MinStorageBufferOffsetAlignment: 4
ShaderCaps:
	TargetAPI: OPENGL_4_5
	GLSLVersion: GLSL_450
	SPIRVVersion: SPIRV_1_0
	FMASupport: true
	DualSourceBlendingSupport: true
	PreferFlatInterpolation: true
	VertexIDSupport: true
	InfinitySupport: true
	NonConstantArrayIndexSupport: true
	BitManipulationSupport: true
	NoPerspectiveInterpolationSupport: true
	ReducedShaderMode: false
	TextureQueryLod: true
	UseUniformBinding: true
	UseVaryingLocation: true
	UseBlockMemberOffset: true
	UsePrecisionModifiers: false
	RequiresLocalOutputColorForFBFetch: false
	MustObfuscateUniformColor: false
	MustWriteToFragColor: false
	ColorSpaceMathNeedsFloat: false
	AvoidDfDxForGradientsWhenPossible: false
	SecondaryOutputExtension: null
	AdvBlendEqInteraction: 2
	MaxFragmentSamplers: 32
Vendor: INTEL
Driver: INTEL
MaxFragmentUniformVectors: 1024
MaxTextureMaxAnisotropy: 16.0
SupportsProtected: false
SkipErrorChecks: false
MaxLabelLength: 256
DebugSupport: true
BufferStorageSupport: true
DrawElementsBaseVertexSupport: true
BaseInstanceSupport: true
DSASupport: false
InvalidateBufferType: 2
InvalidateFramebufferSupport: true
VertexAttribBindingSupport: true
CopyImageSupport: true
SPIRVSupport: false
ViewCompatibilityClassSupport: true
TexStorageSupport: true
ProgramBinarySupport: true
ProgramBinaryFormats: [1, 101]
GLSLVersion: 450
ColorTypeToBackendFormat:
	UNKNOWN=>GLenum [0x0]
	BGR_565=>RGB565
	R_8=>R8
	RG_88=>RG8
	RGB_888=>RGB8
	RGBX_8888=>GLenum [0x0]
	RGBA_8888=>RGBA8
	BGRA_8888=>RGBA8
	RGBA_8888_SRGB=>SRGB8_ALPHA8
	RGBA_1010102=>RGB10_A2
	BGRA_1010102=>RGB10_A2
	R_16=>GLenum [0x0]
	R_F16=>GLenum [0x0]
	RG_1616=>RG16
	RG_F16=>RG16F
	RGBA_16161616=>RGBA16
	RGBA_F16=>RGBA16F
	RGBA_F16_CLAMPED=>RGBA16F
	RGBA_F32=>GLenum [0x0]
	ALPHA_8=>R8
	ALPHA_16=>R16
	ALPHA_F16=>R16F
	GRAY_8=>R8
	GRAY_ALPHA_88=>RG8
	ABGR_8888=>GLenum [0x0]
	ARGB_8888=>GLenum [0x0]
CompressionTypeToBackendFormat: [null, {mBackend=OpenGL, mFormat=ETC2}, {mBackend=OpenGL, mFormat=RGB8_BC1}, {mBackend=OpenGL, mFormat=RGBA8_BC1}]

[188月2025 20:43:36.699] [Render thread/FATAL] [net.neoforged.fml.ModLoader/CORE]: Error during pre-loading phase: File mods\[All Loader]Extra Recipe-3.0-48.jar is not a valid mod file
com.electronwill.nightconfig.core.io.ParsingException: Invalid character ',' after table entry "[authors]" = CTN Studio, Black_Moss, RawDiamondMC, kongzhongtitian
	at MC-BOOTSTRAP/com.electronwill.nightconfig.toml@3.8.2/com.electronwill.nightconfig.toml.TableParser.parseNormal(TableParser.java:79) ~[toml-3.8.2.jar%23168!/:?]
	at MC-BOOTSTRAP/com.electronwill.nightconfig.toml@3.8.2/com.electronwill.nightconfig.toml.TableParser.parseNormal(TableParser.java:124) ~[toml-3.8.2.jar%23168!/:?]
	at MC-BOOTSTRAP/com.electronwill.nightconfig.toml@3.8.2/com.electronwill.nightconfig.toml.TomlParser.parse(TomlParser.java:87) ~[toml-3.8.2.jar%23168!/:?]
	at MC-BOOTSTRAP/com.electronwill.nightconfig.toml@3.8.2/com.electronwill.nightconfig.toml.TomlParser.parse(TomlParser.java:45) ~[toml-3.8.2.jar%23168!/:?]
	at MC-BOOTSTRAP/com.electronwill.nightconfig.toml@3.8.2/com.electronwill.nightconfig.toml.TomlParser.parse(TomlParser.java:18) ~[toml-3.8.2.jar%23168!/:?]
	at MC-BOOTSTRAP/com.electronwill.nightconfig.core@3.8.2/com.electronwill.nightconfig.core.io.ConfigParser.parse(ConfigParser.java:99) ~[core-3.8.2.jar%23169!/:?]
	at MC-BOOTSTRAP/com.electronwill.nightconfig.core@3.8.2/com.electronwill.nightconfig.core.io.ConfigParser.parse(ConfigParser.java:216) ~[core-3.8.2.jar%23169!/:?]
	at MC-BOOTSTRAP/com.electronwill.nightconfig.core@3.8.2/com.electronwill.nightconfig.core.file.AsyncFileConfig.loadNow(AsyncFileConfig.java:185) ~[core-3.8.2.jar%23169!/:?]
	at MC-BOOTSTRAP/com.electronwill.nightconfig.core@3.8.2/com.electronwill.nightconfig.core.file.AsyncFileConfig.load(AsyncFileConfig.java:270) ~[core-3.8.2.jar%23169!/:?]
	at MC-BOOTSTRAP/fml_loader@4.0.41/net.neoforged.fml.loading.moddiscovery.ModFileParser.modsTomlParser(ModFileParser.java:50) ~[loader-4.0.41.jar%23161!/:4.0]
	at MC-BOOTSTRAP/fml_loader@4.0.41/net.neoforged.fml.loading.moddiscovery.ModFileParser.readModList(ModFileParser.java:37) ~[loader-4.0.41.jar%23161!/:4.0]
	at MC-BOOTSTRAP/fml_loader@4.0.41/net.neoforged.fml.loading.moddiscovery.ModFile.<init>(ModFile.java:77) ~[loader-4.0.41.jar%23161!/:4.0]
	at MC-BOOTSTRAP/fml_loader@4.0.41/net.neoforged.fml.loading.moddiscovery.ModFile.<init>(ModFile.java:66) ~[loader-4.0.41.jar%23161!/:4.0]
	at MC-BOOTSTRAP/fml_loader@4.0.41/net.neoforged.fml.loading.moddiscovery.readers.JarModsDotTomlModFileReader.createModFile(JarModsDotTomlModFileReader.java:45) ~[loader-4.0.41.jar%23161!/:4.0]
	at MC-BOOTSTRAP/fml_loader@4.0.41/net.neoforged.fml.loading.moddiscovery.readers.JarModsDotTomlModFileReader.read(JarModsDotTomlModFileReader.java:88) ~[loader-4.0.41.jar%23161!/:4.0]
	at MC-BOOTSTRAP/fml_loader@4.0.41/net.neoforged.fml.loading.moddiscovery.ModDiscoverer$DiscoveryPipeline.addJarContent(ModDiscoverer.java:223) ~[loader-4.0.41.jar%23161!/:4.0]
	at MC-BOOTSTRAP/fml_loader@4.0.41/net.neoforged.fml.loading.moddiscovery.ModDiscoverer$DiscoveryPipeline.addPath(ModDiscoverer.java:200) ~[loader-4.0.41.jar%23161!/:4.0]
	at MC-BOOTSTRAP/fml_loader@4.0.41/net.neoforged.neoforgespi.locating.IDiscoveryPipeline.addPath(IDiscoveryPipeline.java:32) ~[loader-4.0.41.jar%23161!/:4.0]
	at MC-BOOTSTRAP/fml_loader@4.0.41/net.neoforged.fml.loading.moddiscovery.locators.ModsFolderLocator.findCandidates(ModsFolderLocator.java:70) ~[loader-4.0.41.jar%23161!/:4.0]
	at MC-BOOTSTRAP/fml_loader@4.0.41/net.neoforged.fml.loading.moddiscovery.ModDiscoverer.discoverMods(ModDiscoverer.java:73) ~[loader-4.0.41.jar%23161!/:4.0]
	at MC-BOOTSTRAP/fml_loader@4.0.41/net.neoforged.fml.loading.FMLLoader.beginModScan(FMLLoader.java:131) ~[loader-4.0.41.jar%23161!/:4.0]
	at MC-BOOTSTRAP/fml_loader@4.0.41/net.neoforged.fml.loading.FMLServiceProvider.beginScanning(FMLServiceProvider.java:84) ~[loader-4.0.41.jar%23161!/:4.0]
	at MC-BOOTSTRAP/cpw.mods.modlauncher@11.0.5/cpw.mods.modlauncher.TransformationServiceDecorator.runScan(TransformationServiceDecorator.java:97) ~[modlauncher-11.0.5.jar%23166!/:?]
	at MC-BOOTSTRAP/cpw.mods.modlauncher@11.0.5/cpw.mods.modlauncher.TransformationServicesHandler.lambda$runScanningTransformationServices$7(TransformationServicesHandler.java:94) ~[modlauncher-11.0.5.jar%23166!/:?]
	at java.base/java.util.stream.ReferencePipeline$3$1.accept(ReferencePipeline.java:197) ~[?:?]
	at java.base/java.util.HashMap$ValueSpliterator.forEachRemaining(HashMap.java:1787) ~[?:?]
	at java.base/java.util.stream.AbstractPipeline.copyInto(AbstractPipeline.java:509) ~[?:?]
	at java.base/java.util.stream.AbstractPipeline.wrapAndCopyInto(AbstractPipeline.java:499) ~[?:?]
	at java.base/java.util.stream.AbstractPipeline.evaluate(AbstractPipeline.java:575) ~[?:?]
	at java.base/java.util.stream.AbstractPipeline.evaluateToArrayNode(AbstractPipeline.java:260) ~[?:?]
	at java.base/java.util.stream.ReferencePipeline.toArray(ReferencePipeline.java:616) ~[?:?]
	at java.base/java.util.stream.ReferencePipeline.toArray(ReferencePipeline.java:622) ~[?:?]
	at java.base/java.util.stream.ReferencePipeline.toList(ReferencePipeline.java:627) ~[?:?]
	at MC-BOOTSTRAP/cpw.mods.modlauncher@11.0.5/cpw.mods.modlauncher.TransformationServicesHandler.runScanningTransformationServices(TransformationServicesHandler.java:96) ~[modlauncher-11.0.5.jar%23166!/:?]
	at MC-BOOTSTRAP/cpw.mods.modlauncher@11.0.5/cpw.mods.modlauncher.TransformationServicesHandler.initializeTransformationServices(TransformationServicesHandler.java:50) ~[modlauncher-11.0.5.jar%23166!/:?]
	at MC-BOOTSTRAP/cpw.mods.modlauncher@11.0.5/cpw.mods.modlauncher.Launcher.run(Launcher.java:84) [modlauncher-11.0.5.jar%23166!/:?]
	at MC-BOOTSTRAP/cpw.mods.modlauncher@11.0.5/cpw.mods.modlauncher.Launcher.main(Launcher.java:74) [modlauncher-11.0.5.jar%23166!/:?]
	at MC-BOOTSTRAP/cpw.mods.modlauncher@11.0.5/cpw.mods.modlauncher.BootstrapLaunchConsumer.accept(BootstrapLaunchConsumer.java:26) [modlauncher-11.0.5.jar%23166!/:?]
	at MC-BOOTSTRAP/cpw.mods.modlauncher@11.0.5/cpw.mods.modlauncher.BootstrapLaunchConsumer.accept(BootstrapLaunchConsumer.java:23) [modlauncher-11.0.5.jar%23166!/:?]
	at cpw.mods.bootstraplauncher@2.0.2/cpw.mods.bootstraplauncher.BootstrapLauncher.run(BootstrapLauncher.java:210) [bootstraplauncher-2.0.2.jar:?]
	at cpw.mods.bootstraplauncher@2.0.2/cpw.mods.bootstraplauncher.BootstrapLauncher.main(BootstrapLauncher.java:69) [bootstraplauncher-2.0.2.jar:?]
	at java.base/jdk.internal.reflect.DirectMethodHandleAccessor.invoke(DirectMethodHandleAccessor.java:103) ~[?:?]
	at java.base/java.lang.reflect.Method.invoke(Method.java:580) ~[?:?]
	at oolloo.jlw.Wrapper.invokeMain(Wrapper.java:112) [JavaWrapper.jar:?]
	at oolloo.jlw.Wrapper.main(Wrapper.java:105) [JavaWrapper.jar:?]
[188月2025 20:43:37.330] [Render thread/ERROR] [net.neoforged.fml.ModLoader/]: Cowardly refusing to send event net.neoforged.neoforge.client.event.sound.SoundEngineLoadEvent to a broken mod state
[188月2025 20:43:37.886] [Render thread/INFO] [ModernUI/Core]: Created TextLayoutEngine
[188月2025 20:43:37.999] [Render thread/ERROR] [net.neoforged.fml.ModLoader/]: Cowardly refusing to send event net.neoforged.neoforge.client.event.RegisterColorHandlersEvent$Block to a broken mod state
[188月2025 20:43:38.016] [Render thread/ERROR] [net.neoforged.fml.ModLoader/]: Cowardly refusing to send event net.neoforged.neoforge.client.event.RegisterColorHandlersEvent$Item to a broken mod state
[188月2025 20:43:38.064] [Render thread/ERROR] [net.neoforged.fml.ModLoader/]: Cowardly refusing to send event net.neoforged.neoforge.client.event.RegisterMaterialAtlasesEvent to a broken mod state
[188月2025 20:43:38.520] [Render thread/ERROR] [net.neoforged.fml.ModLoader/]: Cowardly refusing to send event net.neoforged.neoforge.client.event.RegisterRenderBuffersEvent to a broken mod state
[188月2025 20:43:38.932] [Render thread/ERROR] [net.neoforged.fml.ModLoader/]: Cowardly refusing to send event net.neoforged.neoforge.client.event.RegisterParticleProvidersEvent to a broken mod state
[188月2025 20:43:39.106] [Render thread/ERROR] [net.neoforged.fml.ModLoader/]: Cowardly refusing to send event net.neoforged.neoforge.client.event.RenderLevelStageEvent$RegisterStageEvent to a broken mod state
[188月2025 20:43:39.534] [Render thread/ERROR] [net.neoforged.fml.ModLoader/]: Cowardly refusing to send event net.neoforged.neoforge.client.extensions.common.RegisterClientExtensionsEvent to a broken mod state
[188月2025 20:43:39.549] [Render thread/ERROR] [net.neoforged.fml.ModLoader/]: Cowardly refusing to send event net.neoforged.neoforge.client.event.RegisterSpriteSourceTypesEvent to a broken mod state
[188月2025 20:43:39.663] [Render thread/ERROR] [net.neoforged.fml.ModLoader/]: Cowardly refusing to send event net.neoforged.neoforge.client.event.RegisterMenuScreensEvent to a broken mod state
[188月2025 20:43:39.663] [Render thread/ERROR] [net.neoforged.fml.ModLoader/]: Cowardly refusing to send event net.neoforged.neoforge.client.event.RegisterClientReloadListenersEvent to a broken mod state
[188月2025 20:43:39.665] [Render thread/ERROR] [net.neoforged.fml.ModLoader/]: Cowardly refusing to send event net.neoforged.neoforge.client.event.EntityRenderersEvent$RegisterLayerDefinitions to a broken mod state
[188月2025 20:43:39.665] [Render thread/ERROR] [net.neoforged.fml.ModLoader/]: Cowardly refusing to send event net.neoforged.neoforge.client.event.EntityRenderersEvent$RegisterRenderers to a broken mod state
[188月2025 20:43:39.665] [Render thread/ERROR] [net.neoforged.fml.ModLoader/]: Cowardly refusing to send event net.neoforged.neoforge.client.event.RegisterClientTooltipComponentFactoriesEvent to a broken mod state
[188月2025 20:43:39.667] [Render thread/ERROR] [net.neoforged.fml.ModLoader/]: Cowardly refusing to send event net.neoforged.neoforge.client.event.RegisterEntitySpectatorShadersEvent to a broken mod state
[188月2025 20:43:39.667] [Render thread/ERROR] [net.neoforged.fml.ModLoader/]: Cowardly refusing to send event net.neoforged.neoforge.client.event.RegisterKeyMappingsEvent to a broken mod state
[188月2025 20:43:39.671] [Render thread/ERROR] [net.neoforged.fml.ModLoader/]: Cowardly refusing to send event net.neoforged.neoforge.client.event.RegisterRecipeBookCategoriesEvent to a broken mod state
[188月2025 20:43:39.673] [Render thread/ERROR] [net.neoforged.fml.ModLoader/]: Cowardly refusing to send event net.neoforged.neoforge.client.event.RegisterGuiLayersEvent to a broken mod state
[188月2025 20:43:39.688] [Render thread/ERROR] [net.neoforged.fml.ModLoader/]: Cowardly refusing to send event net.neoforged.neoforge.client.event.RegisterDimensionSpecialEffectsEvent to a broken mod state
[188月2025 20:43:39.699] [Render thread/ERROR] [net.neoforged.fml.ModLoader/]: Cowardly refusing to send event net.neoforged.neoforge.client.event.RegisterNamedRenderTypesEvent to a broken mod state
[188月2025 20:43:39.705] [Render thread/ERROR] [net.neoforged.fml.ModLoader/]: Cowardly refusing to send event net.neoforged.neoforge.client.event.RegisterColorHandlersEvent$ColorResolvers to a broken mod state
[188月2025 20:43:39.712] [Render thread/ERROR] [net.neoforged.fml.ModLoader/]: Cowardly refusing to send event net.neoforged.neoforge.client.event.RegisterItemDecorationsEvent to a broken mod state
[188月2025 20:43:39.754] [Render thread/ERROR] [net.neoforged.fml.ModLoader/]: Cowardly refusing to send event net.neoforged.neoforge.client.event.RegisterPresetEditorsEvent to a broken mod state
[188月2025 20:43:39.757] [Render thread/ERROR] [net.neoforged.fml.ModLoader/]: Cowardly refusing to send event net.neoforged.neoforge.client.gui.map.RegisterMapDecorationRenderersEvent to a broken mod state
[188月2025 20:43:39.766] [Render thread/ERROR] [net.neoforged.fml.ModLoader/]: Cowardly refusing to send event net.neoforged.neoforge.client.event.RegisterDimensionTransitionScreenEvent to a broken mod state
[188月2025 20:43:39.810] [Render thread/ERROR] [net.neoforged.fml.ModLoader/]: Cowardly refusing to send event net.neoforged.neoforge.client.event.RegisterJsonAnimationTypesEvent to a broken mod state
[188月2025 20:43:40.272] [Render thread/INFO] [ModernUI/TextLayout]: Preloaded modern text shaders
[188月2025 20:43:41.898] [Render thread/INFO] [net.minecraft.server.packs.resources.ReloadableResourceManager/]: Reloading ResourceManager: vanilla, KubeJS Virtual Resource Pack [Before Mods, assets], KubeJS Virtual Resource Pack [Internal, assets], KubeJS Virtual Resource Pack [After Mods, assets], KubeJS File Resource Pack [assets], file/Minecraft-Mod-Language-Modpack-Converted-1.21.1.zip, fabric, KubeJS Virtual Resource Pack [Last, assets]
[188月2025 20:43:42.153] [Render thread/ERROR] [net.neoforged.fml.ModLoader/]: Cowardly refusing to send event net.neoforged.neoforge.client.event.ModelEvent$RegisterGeometryLoaders to a broken mod state
[188月2025 20:43:42.367] [Render thread/INFO] [KubeJS Client/]: Client resource reload complete!
[188月2025 20:43:42.503] [Render thread/ERROR] [net.minecraft.client.Minecraft/FATAL]: Unreported exception thrown!
java.lang.RuntimeException: Config 'class team.teampotato.ruok.config.RuOKConfig' has not been registered
	at TRANSFORMER/cloth_config@15.0.140/me.shedaniel.autoconfig.AutoConfig.getConfigHolder(AutoConfig.java:77) ~[cloth-config-15.0.140-neoforge.jar%23353!/:?]
	at TRANSFORMER/ruokmod@1.7.0/team.teampotato.ruok.config.RuOK.get(RuOK.java:10) ~[RuOK-1.21.1-neoforge-1.7.0.jar%23452!/:?]
	at TRANSFORMER/minecraft@1.21.1/net.minecraft.client.Minecraft.wrapOperation$cff000$ruokmod$onRender(Minecraft.java:14531) ~[client-1.21.1-20240808.144430-srg.jar%23328!/:?]
	at TRANSFORMER/minecraft@1.21.1/net.minecraft.client.Minecraft.runTick(Minecraft.java:1174) ~[client-1.21.1-20240808.144430-srg.jar%23328!/:?]
	at TRANSFORMER/minecraft@1.21.1/net.minecraft.client.Minecraft.run(Minecraft.java:807) ~[client-1.21.1-20240808.144430-srg.jar%23328!/:?]
	at TRANSFORMER/minecraft@1.21.1/net.minecraft.client.main.Main.main(Main.java:230) ~[client-1.21.1-20240808.144430-srg.jar%23328!/:?]
	at java.base/jdk.internal.reflect.DirectMethodHandleAccessor.invoke(DirectMethodHandleAccessor.java:103) ~[?:?]
	at java.base/java.lang.reflect.Method.invoke(Method.java:580) ~[?:?]
	at MC-BOOTSTRAP/fml_loader@4.0.41/net.neoforged.fml.loading.targets.CommonLaunchHandler.runTarget(CommonLaunchHandler.java:136) ~[loader-4.0.41.jar%23161!/:4.0]
	at MC-BOOTSTRAP/fml_loader@4.0.41/net.neoforged.fml.loading.targets.CommonLaunchHandler.clientService(CommonLaunchHandler.java:124) ~[loader-4.0.41.jar%23161!/:4.0]
	at MC-BOOTSTRAP/fml_loader@4.0.41/net.neoforged.fml.loading.targets.CommonClientLaunchHandler.runService(CommonClientLaunchHandler.java:32) ~[loader-4.0.41.jar%23161!/:4.0]
	at MC-BOOTSTRAP/fml_loader@4.0.41/net.neoforged.fml.loading.targets.CommonLaunchHandler.lambda$launchService$4(CommonLaunchHandler.java:118) ~[loader-4.0.41.jar%23161!/:4.0]
	at MC-BOOTSTRAP/cpw.mods.modlauncher@11.0.5/cpw.mods.modlauncher.LaunchServiceHandlerDecorator.launch(LaunchServiceHandlerDecorator.java:30) [modlauncher-11.0.5.jar%23166!/:?]
	at MC-BOOTSTRAP/cpw.mods.modlauncher@11.0.5/cpw.mods.modlauncher.LaunchServiceHandler.launch(LaunchServiceHandler.java:53) [modlauncher-11.0.5.jar%23166!/:?]
	at MC-BOOTSTRAP/cpw.mods.modlauncher@11.0.5/cpw.mods.modlauncher.LaunchServiceHandler.launch(LaunchServiceHandler.java:71) [modlauncher-11.0.5.jar%23166!/:?]
	at MC-BOOTSTRAP/cpw.mods.modlauncher@11.0.5/cpw.mods.modlauncher.Launcher.run(Launcher.java:103) [modlauncher-11.0.5.jar%23166!/:?]
	at MC-BOOTSTRAP/cpw.mods.modlauncher@11.0.5/cpw.mods.modlauncher.Launcher.main(Launcher.java:74) [modlauncher-11.0.5.jar%23166!/:?]
	at MC-BOOTSTRAP/cpw.mods.modlauncher@11.0.5/cpw.mods.modlauncher.BootstrapLaunchConsumer.accept(BootstrapLaunchConsumer.java:26) [modlauncher-11.0.5.jar%23166!/:?]
	at MC-BOOTSTRAP/cpw.mods.modlauncher@11.0.5/cpw.mods.modlauncher.BootstrapLaunchConsumer.accept(BootstrapLaunchConsumer.java:23) [modlauncher-11.0.5.jar%23166!/:?]
	at cpw.mods.bootstraplauncher@2.0.2/cpw.mods.bootstraplauncher.BootstrapLauncher.run(BootstrapLauncher.java:210) [bootstraplauncher-2.0.2.jar:?]
	at cpw.mods.bootstraplauncher@2.0.2/cpw.mods.bootstraplauncher.BootstrapLauncher.main(BootstrapLauncher.java:69) [bootstraplauncher-2.0.2.jar:?]
	at java.base/jdk.internal.reflect.DirectMethodHandleAccessor.invoke(DirectMethodHandleAccessor.java:103) ~[?:?]
	at java.base/java.lang.reflect.Method.invoke(Method.java:580) ~[?:?]
	at oolloo.jlw.Wrapper.invokeMain(Wrapper.java:112) [JavaWrapper.jar:?]
	at oolloo.jlw.Wrapper.main(Wrapper.java:105) [JavaWrapper.jar:?]
[188月2025 20:43:44.451] [Render thread/INFO] [STDOUT/]: [net.minecraft.server.Bootstrap:realStdoutPrintln:135]: ---- Minecraft Crash Report ----
// Who set us up the TNT?

Time: 2025-08-18 20:43:44
Description: Unexpected error

java.lang.RuntimeException: Config 'class team.teampotato.ruok.config.RuOKConfig' has not been registered
	at TRANSFORMER/cloth_config@15.0.140/me.shedaniel.autoconfig.AutoConfig.getConfigHolder(AutoConfig.java:77) ~[cloth-config-15.0.140-neoforge.jar%23353!/:?] {re:classloading}
	at TRANSFORMER/ruokmod@1.7.0/team.teampotato.ruok.config.RuOK.get(RuOK.java:10) ~[RuOK-1.21.1-neoforge-1.7.0.jar%23452!/:?] {re:mixin,re:classloading}
	at TRANSFORMER/minecraft@1.21.1/net.minecraft.client.Minecraft.wrapOperation$cff000$ruokmod$onRender(Minecraft.java:14531) ~[client-1.21.1-20240808.144430-srg.jar%23328!/:?] {re:mixin,pl:accesstransformer:B,pl:runtimedistcleaner:A,re:classloading,pl:accesstransformer:B,pl:mixin:APP:mixins.modernui-neoforge.json:MixinMinecraft from mod modernui,pl:mixin:APP:modernfix-common.mixins.json:bugfix.world_leaks.MinecraftMixin from mod modernfix,pl:mixin:APP:modernfix-common.mixins.json:bugfix.concurrency.MinecraftMixin from mod modernfix,pl:mixin:APP:modernfix-common.mixins.json:feature.measure_time.MinecraftMixin from mod modernfix,pl:mixin:APP:modernfix-common.mixins.json:perf.dedicated_reload_executor.MinecraftMixin from mod modernfix,pl:mixin:APP:modernfix-neoforge.mixins.json:feature.measure_time.MinecraftMixin_Forge from mod modernfix,pl:mixin:APP:fabric-screen-api-v1.mixins.json:MinecraftClientMixin from mod fabric_screen_api_v1,pl:mixin:APP:transition.mixins.json:EntityRenderStateMixin from mod transition,pl:mixin:APP:transition.mixins.json:EntityRendererMixin from mod transition,pl:mixin:APP:customwindowtitle.mixins.json:DisableVanillaTitle from mod customwindowtitle,pl:mixin:APP:customwindowtitle.mixins.json:InitializeCustomIcon from mod customwindowtitle,pl:mixin:APP:ae2.mixins.json:PickColorMixin from mod ae2,pl:mixin:APP:lithium-neoforge.mixins.json:startup.MinecraftMixin from mod lithium,pl:mixin:APP:alltheleaks.mixins.json:main.MinecraftMixin from mod alltheleaks,pl:mixin:APP:alltheleaks.mixins.json:main.MinecraftMixin2 from mod alltheleaks,pl:mixin:APP:flywheel.impl.mixins.json:MinecraftMixin from mod flywheel,pl:mixin:APP:ponder-common.mixins.json:client.WindowResizeMixin from mod ponder,pl:mixin:APP:xaerohud.mixins.json:MixinMinecraftClient from mod xaerominimap,pl:mixin:APP:sodium-extra.mixins.json:gui.MinecraftClientAccessor from mod embeddium_extra,pl:mixin:APP:xaeroworldmap.mixins.json:MixinMinecraftClient from mod xaeroworldmap,pl:mixin:APP:xaeroworldmap.neoforge.mixins.json:MixinForgeMinecraftClient from mod xaeroworldmap,pl:mixin:APP:bookshelf.mixins.json:access.client.AccessorMinecraft from mod bookshelf,pl:mixin:APP:carryon.mixins.json:MinecraftMixin from mod carryon,pl:mixin:APP:RuOK.common.mixins.json:minecraft.MinecraftMixin from mod ruokmod,pl:mixin:APP:RuOK.common.mixins.json:minecraft.accessor.MinecraftAccessor from mod ruokmod,pl:mixin:APP:mixins.ipnext.json:MixinMinecraftClient from mod inventoryprofilesnext,pl:mixin:APP:architectury.mixins.json:MixinMinecraft from mod architectury,pl:mixin:APP:fabric-networking-api-v1.client.mixins.json:accessor.MinecraftClientAccessor from mod fabric_networking_api_v1,pl:mixin:APP:fabric-lifecycle-events-v1.client.mixins.json:MinecraftClientMixin from mod fabric_lifecycle_events_v1,pl:mixin:APP:ae2wtlib.mixins.json:MinecraftMixin from mod ae2wtlib,pl:mixin:APP:kubejs.mixins.json:MinecraftClientMixin from mod kubejs,pl:mixin:APP:immersiveengineering.mixins.json:accessors.client.MinecraftAccess from mod immersiveengineering,pl:mixin:APP:moonlight-common.mixins.json:MinecraftMixin from mod moonlight,pl:mixin:APP:fabric-events-interaction-v0.client.mixins.json:MinecraftClientMixin from mod fabric_events_interaction_v0,pl:mixin:APP:mixins.codechickenlib.json:MinecraftMixin from mod (unknown),pl:mixin:APP:create.mixins.json:accessor.MinecraftAccessor from mod create,pl:mixin:APP:embeddium.mixins.json:core.MinecraftClientMixin from mod embeddium,pl:mixin:APP:embeddium.mixins.json:core.render.MinecraftAccessor from mod embeddium,pl:mixin:APP:imblocker-neoforge.mixins.json:MinecraftClientMixin from mod imblocker,pl:mixin:APP:modernfix-common.mixins.json:feature.remove_telemetry.MinecraftMixin_Telemetry from mod modernfix,pl:mixin:A,pl:runtimedistcleaner:A}
	at TRANSFORMER/minecraft@1.21.1/net.minecraft.client.Minecraft.runTick(Minecraft.java:1174) ~[client-1.21.1-20240808.144430-srg.jar%23328!/:?] {re:mixin,pl:accesstransformer:B,pl:runtimedistcleaner:A,re:classloading,pl:accesstransformer:B,pl:mixin:APP:mixins.modernui-neoforge.json:MixinMinecraft from mod modernui,pl:mixin:APP:modernfix-common.mixins.json:bugfix.world_leaks.MinecraftMixin from mod modernfix,pl:mixin:APP:modernfix-common.mixins.json:bugfix.concurrency.MinecraftMixin from mod modernfix,pl:mixin:APP:modernfix-common.mixins.json:feature.measure_time.MinecraftMixin from mod modernfix,pl:mixin:APP:modernfix-common.mixins.json:perf.dedicated_reload_executor.MinecraftMixin from mod modernfix,pl:mixin:APP:modernfix-neoforge.mixins.json:feature.measure_time.MinecraftMixin_Forge from mod modernfix,pl:mixin:APP:fabric-screen-api-v1.mixins.json:MinecraftClientMixin from mod fabric_screen_api_v1,pl:mixin:APP:transition.mixins.json:EntityRenderStateMixin from mod transition,pl:mixin:APP:transition.mixins.json:EntityRendererMixin from mod transition,pl:mixin:APP:customwindowtitle.mixins.json:DisableVanillaTitle from mod customwindowtitle,pl:mixin:APP:customwindowtitle.mixins.json:InitializeCustomIcon from mod customwindowtitle,pl:mixin:APP:ae2.mixins.json:PickColorMixin from mod ae2,pl:mixin:APP:lithium-neoforge.mixins.json:startup.MinecraftMixin from mod lithium,pl:mixin:APP:alltheleaks.mixins.json:main.MinecraftMixin from mod alltheleaks,pl:mixin:APP:alltheleaks.mixins.json:main.MinecraftMixin2 from mod alltheleaks,pl:mixin:APP:flywheel.impl.mixins.json:MinecraftMixin from mod flywheel,pl:mixin:APP:ponder-common.mixins.json:client.WindowResizeMixin from mod ponder,pl:mixin:APP:xaerohud.mixins.json:MixinMinecraftClient from mod xaerominimap,pl:mixin:APP:sodium-extra.mixins.json:gui.MinecraftClientAccessor from mod embeddium_extra,pl:mixin:APP:xaeroworldmap.mixins.json:MixinMinecraftClient from mod xaeroworldmap,pl:mixin:APP:xaeroworldmap.neoforge.mixins.json:MixinForgeMinecraftClient from mod xaeroworldmap,pl:mixin:APP:bookshelf.mixins.json:access.client.AccessorMinecraft from mod bookshelf,pl:mixin:APP:carryon.mixins.json:MinecraftMixin from mod carryon,pl:mixin:APP:RuOK.common.mixins.json:minecraft.MinecraftMixin from mod ruokmod,pl:mixin:APP:RuOK.common.mixins.json:minecraft.accessor.MinecraftAccessor from mod ruokmod,pl:mixin:APP:mixins.ipnext.json:MixinMinecraftClient from mod inventoryprofilesnext,pl:mixin:APP:architectury.mixins.json:MixinMinecraft from mod architectury,pl:mixin:APP:fabric-networking-api-v1.client.mixins.json:accessor.MinecraftClientAccessor from mod fabric_networking_api_v1,pl:mixin:APP:fabric-lifecycle-events-v1.client.mixins.json:MinecraftClientMixin from mod fabric_lifecycle_events_v1,pl:mixin:APP:ae2wtlib.mixins.json:MinecraftMixin from mod ae2wtlib,pl:mixin:APP:kubejs.mixins.json:MinecraftClientMixin from mod kubejs,pl:mixin:APP:immersiveengineering.mixins.json:accessors.client.MinecraftAccess from mod immersiveengineering,pl:mixin:APP:moonlight-common.mixins.json:MinecraftMixin from mod moonlight,pl:mixin:APP:fabric-events-interaction-v0.client.mixins.json:MinecraftClientMixin from mod fabric_events_interaction_v0,pl:mixin:APP:mixins.codechickenlib.json:MinecraftMixin from mod (unknown),pl:mixin:APP:create.mixins.json:accessor.MinecraftAccessor from mod create,pl:mixin:APP:embeddium.mixins.json:core.MinecraftClientMixin from mod embeddium,pl:mixin:APP:embeddium.mixins.json:core.render.MinecraftAccessor from mod embeddium,pl:mixin:APP:imblocker-neoforge.mixins.json:MinecraftClientMixin from mod imblocker,pl:mixin:APP:modernfix-common.mixins.json:feature.remove_telemetry.MinecraftMixin_Telemetry from mod modernfix,pl:mixin:A,pl:runtimedistcleaner:A}
	at TRANSFORMER/minecraft@1.21.1/net.minecraft.client.Minecraft.run(Minecraft.java:807) ~[client-1.21.1-20240808.144430-srg.jar%23328!/:?] {re:mixin,pl:accesstransformer:B,pl:runtimedistcleaner:A,re:classloading,pl:accesstransformer:B,pl:mixin:APP:mixins.modernui-neoforge.json:MixinMinecraft from mod modernui,pl:mixin:APP:modernfix-common.mixins.json:bugfix.world_leaks.MinecraftMixin from mod modernfix,pl:mixin:APP:modernfix-common.mixins.json:bugfix.concurrency.MinecraftMixin from mod modernfix,pl:mixin:APP:modernfix-common.mixins.json:feature.measure_time.MinecraftMixin from mod modernfix,pl:mixin:APP:modernfix-common.mixins.json:perf.dedicated_reload_executor.MinecraftMixin from mod modernfix,pl:mixin:APP:modernfix-neoforge.mixins.json:feature.measure_time.MinecraftMixin_Forge from mod modernfix,pl:mixin:APP:fabric-screen-api-v1.mixins.json:MinecraftClientMixin from mod fabric_screen_api_v1,pl:mixin:APP:transition.mixins.json:EntityRenderStateMixin from mod transition,pl:mixin:APP:transition.mixins.json:EntityRendererMixin from mod transition,pl:mixin:APP:customwindowtitle.mixins.json:DisableVanillaTitle from mod customwindowtitle,pl:mixin:APP:customwindowtitle.mixins.json:InitializeCustomIcon from mod customwindowtitle,pl:mixin:APP:ae2.mixins.json:PickColorMixin from mod ae2,pl:mixin:APP:lithium-neoforge.mixins.json:startup.MinecraftMixin from mod lithium,pl:mixin:APP:alltheleaks.mixins.json:main.MinecraftMixin from mod alltheleaks,pl:mixin:APP:alltheleaks.mixins.json:main.MinecraftMixin2 from mod alltheleaks,pl:mixin:APP:flywheel.impl.mixins.json:MinecraftMixin from mod flywheel,pl:mixin:APP:ponder-common.mixins.json:client.WindowResizeMixin from mod ponder,pl:mixin:APP:xaerohud.mixins.json:MixinMinecraftClient from mod xaerominimap,pl:mixin:APP:sodium-extra.mixins.json:gui.MinecraftClientAccessor from mod embeddium_extra,pl:mixin:APP:xaeroworldmap.mixins.json:MixinMinecraftClient from mod xaeroworldmap,pl:mixin:APP:xaeroworldmap.neoforge.mixins.json:MixinForgeMinecraftClient from mod xaeroworldmap,pl:mixin:APP:bookshelf.mixins.json:access.client.AccessorMinecraft from mod bookshelf,pl:mixin:APP:carryon.mixins.json:MinecraftMixin from mod carryon,pl:mixin:APP:RuOK.common.mixins.json:minecraft.MinecraftMixin from mod ruokmod,pl:mixin:APP:RuOK.common.mixins.json:minecraft.accessor.MinecraftAccessor from mod ruokmod,pl:mixin:APP:mixins.ipnext.json:MixinMinecraftClient from mod inventoryprofilesnext,pl:mixin:APP:architectury.mixins.json:MixinMinecraft from mod architectury,pl:mixin:APP:fabric-networking-api-v1.client.mixins.json:accessor.MinecraftClientAccessor from mod fabric_networking_api_v1,pl:mixin:APP:fabric-lifecycle-events-v1.client.mixins.json:MinecraftClientMixin from mod fabric_lifecycle_events_v1,pl:mixin:APP:ae2wtlib.mixins.json:MinecraftMixin from mod ae2wtlib,pl:mixin:APP:kubejs.mixins.json:MinecraftClientMixin from mod kubejs,pl:mixin:APP:immersiveengineering.mixins.json:accessors.client.MinecraftAccess from mod immersiveengineering,pl:mixin:APP:moonlight-common.mixins.json:MinecraftMixin from mod moonlight,pl:mixin:APP:fabric-events-interaction-v0.client.mixins.json:MinecraftClientMixin from mod fabric_events_interaction_v0,pl:mixin:APP:mixins.codechickenlib.json:MinecraftMixin from mod (unknown),pl:mixin:APP:create.mixins.json:accessor.MinecraftAccessor from mod create,pl:mixin:APP:embeddium.mixins.json:core.MinecraftClientMixin from mod embeddium,pl:mixin:APP:embeddium.mixins.json:core.render.MinecraftAccessor from mod embeddium,pl:mixin:APP:imblocker-neoforge.mixins.json:MinecraftClientMixin from mod imblocker,pl:mixin:APP:modernfix-common.mixins.json:feature.remove_telemetry.MinecraftMixin_Telemetry from mod modernfix,pl:mixin:A,pl:runtimedistcleaner:A}
	at TRANSFORMER/minecraft@1.21.1/net.minecraft.client.main.Main.main(Main.java:230) ~[client-1.21.1-20240808.144430-srg.jar%23328!/:?] {re:mixin,pl:runtimedistcleaner:A,re:classloading,pl:mixin:APP:chatimage.mixins.json:AWTHackMixin from mod chatimage,pl:mixin:A,pl:runtimedistcleaner:A}
	at java.base/jdk.internal.reflect.DirectMethodHandleAccessor.invoke(DirectMethodHandleAccessor.java:103) ~[?:?] {}
	at java.base/java.lang.reflect.Method.invoke(Method.java:580) ~[?:?] {re:mixin}
	at MC-BOOTSTRAP/fml_loader@4.0.41/net.neoforged.fml.loading.targets.CommonLaunchHandler.runTarget(CommonLaunchHandler.java:136) ~[loader-4.0.41.jar%23161!/:4.0] {}
	at MC-BOOTSTRAP/fml_loader@4.0.41/net.neoforged.fml.loading.targets.CommonLaunchHandler.clientService(CommonLaunchHandler.java:124) ~[loader-4.0.41.jar%23161!/:4.0] {}
	at MC-BOOTSTRAP/fml_loader@4.0.41/net.neoforged.fml.loading.targets.CommonClientLaunchHandler.runService(CommonClientLaunchHandler.java:32) ~[loader-4.0.41.jar%23161!/:4.0] {}
	at MC-BOOTSTRAP/fml_loader@4.0.41/net.neoforged.fml.loading.targets.CommonLaunchHandler.lambda$launchService$4(CommonLaunchHandler.java:118) ~[loader-4.0.41.jar%23161!/:4.0] {}
	at MC-BOOTSTRAP/cpw.mods.modlauncher@11.0.5/cpw.mods.modlauncher.LaunchServiceHandlerDecorator.launch(LaunchServiceHandlerDecorator.java:30) [modlauncher-11.0.5.jar%23166!/:?] {}
	at MC-BOOTSTRAP/cpw.mods.modlauncher@11.0.5/cpw.mods.modlauncher.LaunchServiceHandler.launch(LaunchServiceHandler.java:53) [modlauncher-11.0.5.jar%23166!/:?] {}
	at MC-BOOTSTRAP/cpw.mods.modlauncher@11.0.5/cpw.mods.modlauncher.LaunchServiceHandler.launch(LaunchServiceHandler.java:71) [modlauncher-11.0.5.jar%23166!/:?] {}
	at MC-BOOTSTRAP/cpw.mods.modlauncher@11.0.5/cpw.mods.modlauncher.Launcher.run(Launcher.java:103) [modlauncher-11.0.5.jar%23166!/:?] {}
	at MC-BOOTSTRAP/cpw.mods.modlauncher@11.0.5/cpw.mods.modlauncher.Launcher.main(Launcher.java:74) [modlauncher-11.0.5.jar%23166!/:?] {}
	at MC-BOOTSTRAP/cpw.mods.modlauncher@11.0.5/cpw.mods.modlauncher.BootstrapLaunchConsumer.accept(BootstrapLaunchConsumer.java:26) [modlauncher-11.0.5.jar%23166!/:?] {}
	at MC-BOOTSTRAP/cpw.mods.modlauncher@11.0.5/cpw.mods.modlauncher.BootstrapLaunchConsumer.accept(BootstrapLaunchConsumer.java:23) [modlauncher-11.0.5.jar%23166!/:?] {}
	at cpw.mods.bootstraplauncher@2.0.2/cpw.mods.bootstraplauncher.BootstrapLauncher.run(BootstrapLauncher.java:210) [bootstraplauncher-2.0.2.jar:?] {}
	at cpw.mods.bootstraplauncher@2.0.2/cpw.mods.bootstraplauncher.BootstrapLauncher.main(BootstrapLauncher.java:69) [bootstraplauncher-2.0.2.jar:?] {}
	at java.base/jdk.internal.reflect.DirectMethodHandleAccessor.invoke(DirectMethodHandleAccessor.java:103) ~[?:?] {}
	at java.base/java.lang.reflect.Method.invoke(Method.java:580) ~[?:?] {re:mixin}
	at oolloo.jlw.Wrapper.invokeMain(Wrapper.java:112) [JavaWrapper.jar:?] {}
	at oolloo.jlw.Wrapper.main(Wrapper.java:105) [JavaWrapper.jar:?] {}


A detailed walkthrough of the error, its code path and all known details is as follows:
---------------------------------------------------------------------------------------

-- Head --
Thread: Render thread
Stacktrace:
	at TRANSFORMER/cloth_config@15.0.140/me.shedaniel.autoconfig.AutoConfig.getConfigHolder(AutoConfig.java:77) ~[cloth-config-15.0.140-neoforge.jar%23353!/:?] {re:classloading}
	at TRANSFORMER/ruokmod@1.7.0/team.teampotato.ruok.config.RuOK.get(RuOK.java:10) ~[RuOK-1.21.1-neoforge-1.7.0.jar%23452!/:?] {re:mixin,re:classloading}
-- Uptime --
Details:
	JVM uptime: 337.917s
	Wall uptime: 10.644s
	High-res time: 328.863s
	Client ticks: 10 ticks / 0.500s
Stacktrace:
	at TRANSFORMER/minecraft@1.21.1/net.minecraft.client.Minecraft.fillReport(Minecraft.java:2394) ~[client-1.21.1-20240808.144430-srg.jar%23328!/:?] {re:mixin,pl:accesstransformer:B,pl:runtimedistcleaner:A,re:classloading,pl:accesstransformer:B,pl:mixin:APP:mixins.modernui-neoforge.json:MixinMinecraft from mod modernui,pl:mixin:APP:modernfix-common.mixins.json:bugfix.world_leaks.MinecraftMixin from mod modernfix,pl:mixin:APP:modernfix-common.mixins.json:bugfix.concurrency.MinecraftMixin from mod modernfix,pl:mixin:APP:modernfix-common.mixins.json:feature.measure_time.MinecraftMixin from mod modernfix,pl:mixin:APP:modernfix-common.mixins.json:perf.dedicated_reload_executor.MinecraftMixin from mod modernfix,pl:mixin:APP:modernfix-neoforge.mixins.json:feature.measure_time.MinecraftMixin_Forge from mod modernfix,pl:mixin:APP:fabric-screen-api-v1.mixins.json:MinecraftClientMixin from mod fabric_screen_api_v1,pl:mixin:APP:transition.mixins.json:EntityRenderStateMixin from mod transition,pl:mixin:APP:transition.mixins.json:EntityRendererMixin from mod transition,pl:mixin:APP:customwindowtitle.mixins.json:DisableVanillaTitle from mod customwindowtitle,pl:mixin:APP:customwindowtitle.mixins.json:InitializeCustomIcon from mod customwindowtitle,pl:mixin:APP:ae2.mixins.json:PickColorMixin from mod ae2,pl:mixin:APP:lithium-neoforge.mixins.json:startup.MinecraftMixin from mod lithium,pl:mixin:APP:alltheleaks.mixins.json:main.MinecraftMixin from mod alltheleaks,pl:mixin:APP:alltheleaks.mixins.json:main.MinecraftMixin2 from mod alltheleaks,pl:mixin:APP:flywheel.impl.mixins.json:MinecraftMixin from mod flywheel,pl:mixin:APP:ponder-common.mixins.json:client.WindowResizeMixin from mod ponder,pl:mixin:APP:xaerohud.mixins.json:MixinMinecraftClient from mod xaerominimap,pl:mixin:APP:sodium-extra.mixins.json:gui.MinecraftClientAccessor from mod embeddium_extra,pl:mixin:APP:xaeroworldmap.mixins.json:MixinMinecraftClient from mod xaeroworldmap,pl:mixin:APP:xaeroworldmap.neoforge.mixins.json:MixinForgeMinecraftClient from mod xaeroworldmap,pl:mixin:APP:bookshelf.mixins.json:access.client.AccessorMinecraft from mod bookshelf,pl:mixin:APP:carryon.mixins.json:MinecraftMixin from mod carryon,pl:mixin:APP:RuOK.common.mixins.json:minecraft.MinecraftMixin from mod ruokmod,pl:mixin:APP:RuOK.common.mixins.json:minecraft.accessor.MinecraftAccessor from mod ruokmod,pl:mixin:APP:mixins.ipnext.json:MixinMinecraftClient from mod inventoryprofilesnext,pl:mixin:APP:architectury.mixins.json:MixinMinecraft from mod architectury,pl:mixin:APP:fabric-networking-api-v1.client.mixins.json:accessor.MinecraftClientAccessor from mod fabric_networking_api_v1,pl:mixin:APP:fabric-lifecycle-events-v1.client.mixins.json:MinecraftClientMixin from mod fabric_lifecycle_events_v1,pl:mixin:APP:ae2wtlib.mixins.json:MinecraftMixin from mod ae2wtlib,pl:mixin:APP:kubejs.mixins.json:MinecraftClientMixin from mod kubejs,pl:mixin:APP:immersiveengineering.mixins.json:accessors.client.MinecraftAccess from mod immersiveengineering,pl:mixin:APP:moonlight-common.mixins.json:MinecraftMixin from mod moonlight,pl:mixin:APP:fabric-events-interaction-v0.client.mixins.json:MinecraftClientMixin from mod fabric_events_interaction_v0,pl:mixin:APP:mixins.codechickenlib.json:MinecraftMixin from mod (unknown),pl:mixin:APP:create.mixins.json:accessor.MinecraftAccessor from mod create,pl:mixin:APP:embeddium.mixins.json:core.MinecraftClientMixin from mod embeddium,pl:mixin:APP:embeddium.mixins.json:core.render.MinecraftAccessor from mod embeddium,pl:mixin:APP:imblocker-neoforge.mixins.json:MinecraftClientMixin from mod imblocker,pl:mixin:APP:modernfix-common.mixins.json:feature.remove_telemetry.MinecraftMixin_Telemetry from mod modernfix,pl:mixin:A,pl:runtimedistcleaner:A}
	at TRANSFORMER/minecraft@1.21.1/net.minecraft.client.Minecraft.emergencySaveAndCrash(Minecraft.java:868) ~[client-1.21.1-20240808.144430-srg.jar%23328!/:?] {re:mixin,pl:accesstransformer:B,pl:runtimedistcleaner:A,re:classloading,pl:accesstransformer:B,pl:mixin:APP:mixins.modernui-neoforge.json:MixinMinecraft from mod modernui,pl:mixin:APP:modernfix-common.mixins.json:bugfix.world_leaks.MinecraftMixin from mod modernfix,pl:mixin:APP:modernfix-common.mixins.json:bugfix.concurrency.MinecraftMixin from mod modernfix,pl:mixin:APP:modernfix-common.mixins.json:feature.measure_time.MinecraftMixin from mod modernfix,pl:mixin:APP:modernfix-common.mixins.json:perf.dedicated_reload_executor.MinecraftMixin from mod modernfix,pl:mixin:APP:modernfix-neoforge.mixins.json:feature.measure_time.MinecraftMixin_Forge from mod modernfix,pl:mixin:APP:fabric-screen-api-v1.mixins.json:MinecraftClientMixin from mod fabric_screen_api_v1,pl:mixin:APP:transition.mixins.json:EntityRenderStateMixin from mod transition,pl:mixin:APP:transition.mixins.json:EntityRendererMixin from mod transition,pl:mixin:APP:customwindowtitle.mixins.json:DisableVanillaTitle from mod customwindowtitle,pl:mixin:APP:customwindowtitle.mixins.json:InitializeCustomIcon from mod customwindowtitle,pl:mixin:APP:ae2.mixins.json:PickColorMixin from mod ae2,pl:mixin:APP:lithium-neoforge.mixins.json:startup.MinecraftMixin from mod lithium,pl:mixin:APP:alltheleaks.mixins.json:main.MinecraftMixin from mod alltheleaks,pl:mixin:APP:alltheleaks.mixins.json:main.MinecraftMixin2 from mod alltheleaks,pl:mixin:APP:flywheel.impl.mixins.json:MinecraftMixin from mod flywheel,pl:mixin:APP:ponder-common.mixins.json:client.WindowResizeMixin from mod ponder,pl:mixin:APP:xaerohud.mixins.json:MixinMinecraftClient from mod xaerominimap,pl:mixin:APP:sodium-extra.mixins.json:gui.MinecraftClientAccessor from mod embeddium_extra,pl:mixin:APP:xaeroworldmap.mixins.json:MixinMinecraftClient from mod xaeroworldmap,pl:mixin:APP:xaeroworldmap.neoforge.mixins.json:MixinForgeMinecraftClient from mod xaeroworldmap,pl:mixin:APP:bookshelf.mixins.json:access.client.AccessorMinecraft from mod bookshelf,pl:mixin:APP:carryon.mixins.json:MinecraftMixin from mod carryon,pl:mixin:APP:RuOK.common.mixins.json:minecraft.MinecraftMixin from mod ruokmod,pl:mixin:APP:RuOK.common.mixins.json:minecraft.accessor.MinecraftAccessor from mod ruokmod,pl:mixin:APP:mixins.ipnext.json:MixinMinecraftClient from mod inventoryprofilesnext,pl:mixin:APP:architectury.mixins.json:MixinMinecraft from mod architectury,pl:mixin:APP:fabric-networking-api-v1.client.mixins.json:accessor.MinecraftClientAccessor from mod fabric_networking_api_v1,pl:mixin:APP:fabric-lifecycle-events-v1.client.mixins.json:MinecraftClientMixin from mod fabric_lifecycle_events_v1,pl:mixin:APP:ae2wtlib.mixins.json:MinecraftMixin from mod ae2wtlib,pl:mixin:APP:kubejs.mixins.json:MinecraftClientMixin from mod kubejs,pl:mixin:APP:immersiveengineering.mixins.json:accessors.client.MinecraftAccess from mod immersiveengineering,pl:mixin:APP:moonlight-common.mixins.json:MinecraftMixin from mod moonlight,pl:mixin:APP:fabric-events-interaction-v0.client.mixins.json:MinecraftClientMixin from mod fabric_events_interaction_v0,pl:mixin:APP:mixins.codechickenlib.json:MinecraftMixin from mod (unknown),pl:mixin:APP:create.mixins.json:accessor.MinecraftAccessor from mod create,pl:mixin:APP:embeddium.mixins.json:core.MinecraftClientMixin from mod embeddium,pl:mixin:APP:embeddium.mixins.json:core.render.MinecraftAccessor from mod embeddium,pl:mixin:APP:imblocker-neoforge.mixins.json:MinecraftClientMixin from mod imblocker,pl:mixin:APP:modernfix-common.mixins.json:feature.remove_telemetry.MinecraftMixin_Telemetry from mod modernfix,pl:mixin:A,pl:runtimedistcleaner:A}
	at TRANSFORMER/minecraft@1.21.1/net.minecraft.client.Minecraft.run(Minecraft.java:828) ~[client-1.21.1-20240808.144430-srg.jar%23328!/:?] {re:mixin,pl:accesstransformer:B,pl:runtimedistcleaner:A,re:classloading,pl:accesstransformer:B,pl:mixin:APP:mixins.modernui-neoforge.json:MixinMinecraft from mod modernui,pl:mixin:APP:modernfix-common.mixins.json:bugfix.world_leaks.MinecraftMixin from mod modernfix,pl:mixin:APP:modernfix-common.mixins.json:bugfix.concurrency.MinecraftMixin from mod modernfix,pl:mixin:APP:modernfix-common.mixins.json:feature.measure_time.MinecraftMixin from mod modernfix,pl:mixin:APP:modernfix-common.mixins.json:perf.dedicated_reload_executor.MinecraftMixin from mod modernfix,pl:mixin:APP:modernfix-neoforge.mixins.json:feature.measure_time.MinecraftMixin_Forge from mod modernfix,pl:mixin:APP:fabric-screen-api-v1.mixins.json:MinecraftClientMixin from mod fabric_screen_api_v1,pl:mixin:APP:transition.mixins.json:EntityRenderStateMixin from mod transition,pl:mixin:APP:transition.mixins.json:EntityRendererMixin from mod transition,pl:mixin:APP:customwindowtitle.mixins.json:DisableVanillaTitle from mod customwindowtitle,pl:mixin:APP:customwindowtitle.mixins.json:InitializeCustomIcon from mod customwindowtitle,pl:mixin:APP:ae2.mixins.json:PickColorMixin from mod ae2,pl:mixin:APP:lithium-neoforge.mixins.json:startup.MinecraftMixin from mod lithium,pl:mixin:APP:alltheleaks.mixins.json:main.MinecraftMixin from mod alltheleaks,pl:mixin:APP:alltheleaks.mixins.json:main.MinecraftMixin2 from mod alltheleaks,pl:mixin:APP:flywheel.impl.mixins.json:MinecraftMixin from mod flywheel,pl:mixin:APP:ponder-common.mixins.json:client.WindowResizeMixin from mod ponder,pl:mixin:APP:xaerohud.mixins.json:MixinMinecraftClient from mod xaerominimap,pl:mixin:APP:sodium-extra.mixins.json:gui.MinecraftClientAccessor from mod embeddium_extra,pl:mixin:APP:xaeroworldmap.mixins.json:MixinMinecraftClient from mod xaeroworldmap,pl:mixin:APP:xaeroworldmap.neoforge.mixins.json:MixinForgeMinecraftClient from mod xaeroworldmap,pl:mixin:APP:bookshelf.mixins.json:access.client.AccessorMinecraft from mod bookshelf,pl:mixin:APP:carryon.mixins.json:MinecraftMixin from mod carryon,pl:mixin:APP:RuOK.common.mixins.json:minecraft.MinecraftMixin from mod ruokmod,pl:mixin:APP:RuOK.common.mixins.json:minecraft.accessor.MinecraftAccessor from mod ruokmod,pl:mixin:APP:mixins.ipnext.json:MixinMinecraftClient from mod inventoryprofilesnext,pl:mixin:APP:architectury.mixins.json:MixinMinecraft from mod architectury,pl:mixin:APP:fabric-networking-api-v1.client.mixins.json:accessor.MinecraftClientAccessor from mod fabric_networking_api_v1,pl:mixin:APP:fabric-lifecycle-events-v1.client.mixins.json:MinecraftClientMixin from mod fabric_lifecycle_events_v1,pl:mixin:APP:ae2wtlib.mixins.json:MinecraftMixin from mod ae2wtlib,pl:mixin:APP:kubejs.mixins.json:MinecraftClientMixin from mod kubejs,pl:mixin:APP:immersiveengineering.mixins.json:accessors.client.MinecraftAccess from mod immersiveengineering,pl:mixin:APP:moonlight-common.mixins.json:MinecraftMixin from mod moonlight,pl:mixin:APP:fabric-events-interaction-v0.client.mixins.json:MinecraftClientMixin from mod fabric_events_interaction_v0,pl:mixin:APP:mixins.codechickenlib.json:MinecraftMixin from mod (unknown),pl:mixin:APP:create.mixins.json:accessor.MinecraftAccessor from mod create,pl:mixin:APP:embeddium.mixins.json:core.MinecraftClientMixin from mod embeddium,pl:mixin:APP:embeddium.mixins.json:core.render.MinecraftAccessor from mod embeddium,pl:mixin:APP:imblocker-neoforge.mixins.json:MinecraftClientMixin from mod imblocker,pl:mixin:APP:modernfix-common.mixins.json:feature.remove_telemetry.MinecraftMixin_Telemetry from mod modernfix,pl:mixin:A,pl:runtimedistcleaner:A}
	at TRANSFORMER/minecraft@1.21.1/net.minecraft.client.main.Main.main(Main.java:230) ~[client-1.21.1-20240808.144430-srg.jar%23328!/:?] {re:mixin,pl:runtimedistcleaner:A,re:classloading,pl:mixin:APP:chatimage.mixins.json:AWTHackMixin from mod chatimage,pl:mixin:A,pl:runtimedistcleaner:A}
	at java.base/jdk.internal.reflect.DirectMethodHandleAccessor.invoke(DirectMethodHandleAccessor.java:103) ~[?:?] {}
	at java.base/java.lang.reflect.Method.invoke(Method.java:580) ~[?:?] {re:mixin}
	at MC-BOOTSTRAP/fml_loader@4.0.41/net.neoforged.fml.loading.targets.CommonLaunchHandler.runTarget(CommonLaunchHandler.java:136) ~[loader-4.0.41.jar%23161!/:4.0] {}
	at MC-BOOTSTRAP/fml_loader@4.0.41/net.neoforged.fml.loading.targets.CommonLaunchHandler.clientService(CommonLaunchHandler.java:124) ~[loader-4.0.41.jar%23161!/:4.0] {}
	at MC-BOOTSTRAP/fml_loader@4.0.41/net.neoforged.fml.loading.targets.CommonClientLaunchHandler.runService(CommonClientLaunchHandler.java:32) ~[loader-4.0.41.jar%23161!/:4.0] {}
	at MC-BOOTSTRAP/fml_loader@4.0.41/net.neoforged.fml.loading.targets.CommonLaunchHandler.lambda$launchService$4(CommonLaunchHandler.java:118) ~[loader-4.0.41.jar%23161!/:4.0] {}
	at MC-BOOTSTRAP/cpw.mods.modlauncher@11.0.5/cpw.mods.modlauncher.LaunchServiceHandlerDecorator.launch(LaunchServiceHandlerDecorator.java:30) [modlauncher-11.0.5.jar%23166!/:?] {}
	at MC-BOOTSTRAP/cpw.mods.modlauncher@11.0.5/cpw.mods.modlauncher.LaunchServiceHandler.launch(LaunchServiceHandler.java:53) [modlauncher-11.0.5.jar%23166!/:?] {}
	at MC-BOOTSTRAP/cpw.mods.modlauncher@11.0.5/cpw.mods.modlauncher.LaunchServiceHandler.launch(LaunchServiceHandler.java:71) [modlauncher-11.0.5.jar%23166!/:?] {}
	at MC-BOOTSTRAP/cpw.mods.modlauncher@11.0.5/cpw.mods.modlauncher.Launcher.run(Launcher.java:103) [modlauncher-11.0.5.jar%23166!/:?] {}
	at MC-BOOTSTRAP/cpw.mods.modlauncher@11.0.5/cpw.mods.modlauncher.Launcher.main(Launcher.java:74) [modlauncher-11.0.5.jar%23166!/:?] {}
	at MC-BOOTSTRAP/cpw.mods.modlauncher@11.0.5/cpw.mods.modlauncher.BootstrapLaunchConsumer.accept(BootstrapLaunchConsumer.java:26) [modlauncher-11.0.5.jar%23166!/:?] {}
	at MC-BOOTSTRAP/cpw.mods.modlauncher@11.0.5/cpw.mods.modlauncher.BootstrapLaunchConsumer.accept(BootstrapLaunchConsumer.java:23) [modlauncher-11.0.5.jar%23166!/:?] {}
	at cpw.mods.bootstraplauncher@2.0.2/cpw.mods.bootstraplauncher.BootstrapLauncher.run(BootstrapLauncher.java:210) [bootstraplauncher-2.0.2.jar:?] {}
	at cpw.mods.bootstraplauncher@2.0.2/cpw.mods.bootstraplauncher.BootstrapLauncher.main(BootstrapLauncher.java:69) [bootstraplauncher-2.0.2.jar:?] {}
	at java.base/jdk.internal.reflect.DirectMethodHandleAccessor.invoke(DirectMethodHandleAccessor.java:103) ~[?:?] {}
	at java.base/java.lang.reflect.Method.invoke(Method.java:580) ~[?:?] {re:mixin}
	at oolloo.jlw.Wrapper.invokeMain(Wrapper.java:112) [JavaWrapper.jar:?] {}
	at oolloo.jlw.Wrapper.main(Wrapper.java:105) [JavaWrapper.jar:?] {}


-- Last reload --
Details:
	Reload number: 1
	Reload reason: initial
	Finished: No
	Packs: vanilla, KubeJS Virtual Resource Pack [Before Mods, assets], KubeJS Virtual Resource Pack [Internal, assets], KubeJS Virtual Resource Pack [After Mods, assets], KubeJS File Resource Pack [assets], file/Minecraft-Mod-Language-Modpack-Converted-1.21.1.zip, fabric, KubeJS Virtual Resource Pack [Last, assets]

-- System Details --
Details:
	Minecraft Version: 1.21.1
	Minecraft Version ID: 1.21.1
	Operating System: Windows 11 (amd64) version 10.0
	Java Version: 21.0.7, Azul Systems, Inc.
	Java VM Version: OpenJDK 64-Bit Server VM (mixed mode, sharing), Azul Systems, Inc.
	Memory: 644444656 bytes (614 MiB) / 1329594368 bytes (1268 MiB) up to 8589934592 bytes (8192 MiB)
	CPUs: 4
	Processor Vendor: GenuineIntel
	Processor Name: Intel(R) N100
	Identifier: Intel64 Family 6 Model 190 Stepping 0
	Microarchitecture: unknown
	Frequency (GHz): 0.81
	Number of physical packages: 1
	Number of physical CPUs: 4
	Number of logical CPUs: 4
	Graphics card #0 name: Intel(R) UHD Graphics
	Graphics card #0 vendor: Intel Corporation
	Graphics card #0 VRAM (MiB): 2048.00
	Graphics card #0 deviceId: VideoController1
	Graphics card #0 versionInfo: 32.0.101.6737
	Memory slot #0 capacity (MiB): 16384.00
	Memory slot #0 clockSpeed (GHz): 2.67
	Memory slot #0 type: DDR4
	Virtual memory max (MiB): 25377.75
	Virtual memory used (MiB): 13373.25
	Swap memory total (MiB): 9216.00
	Swap memory used (MiB): 330.94
	Space in storage for jna.tmpdir (MiB): available: 258180.42, total: 284886.00
	Space in storage for org.lwjgl.system.SharedLibraryExtractPath (MiB): available: 258180.42, total: 284886.00
	Space in storage for io.netty.native.workdir (MiB): available: 258180.42, total: 284886.00
	Space in storage for java.io.tmpdir (MiB): available: 17296.05, total: 121229.31
	Space in storage for workdir (MiB): available: 258180.42, total: 284886.00
	JVM Flags: 6 total; -XX:+UseG1GC -XX:-UseAdaptiveSizePolicy -XX:-OmitStackTraceInFastThrow -XX:HeapDumpPath=MojangTricksIntelDriversForPerformance_javaw.exe_minecraft.exe.heapdump -Xmn1228m -Xmx8192m
	Launched Version: EMC & FE +++
	Launcher name: PCL
	Backend library: LWJGL version 3.3.3+5
	Backend API: Intel(R) UHD Graphics GL version 4.6.0 - Build 32.0.101.6737, Intel
	Window size: 1920x1009
	GFLW Platform: win32
	GL Caps: Using framebuffer using OpenGL 3.2
	GL debug messages: 
	Is Modded: Definitely; Client brand changed to 'neoforge'
	Universe: 400921fb54442d18
	Type: Client (map_client.txt)
	Graphics mode: fancy
	Render Distance: 12/12 chunks
	Resource Packs: vanilla, file/Minecraft-Mod-Language-Modpack-Converted-1.21.1.zip, fabric
	Current Language: zh_cn
	Locale: zh_CN
	System encoding: GBK
	File encoding: COMPAT
	CPU: 4x Intel(R) N100
	ModLauncher: 11.0.5+main.901c6ea8
	ModLauncher launch target: forgeclient
	ModLauncher services: 
		sponge-mixin-0.15.2+mixin.0.8.7.jar mixin PLUGINSERVICE 
		loader-4.0.41.jar slf4jfixer PLUGINSERVICE 
		loader-4.0.41.jar runtime_enum_extender PLUGINSERVICE 
		at-modlauncher-10.0.1.jar accesstransformer PLUGINSERVICE 
		loader-4.0.41.jar runtimedistcleaner PLUGINSERVICE 
		modlauncher-11.0.5.jar mixin TRANSFORMATIONSERVICE 
		modlauncher-11.0.5.jar fml TRANSFORMATIONSERVICE 
		modlauncher-11.0.5.jar I18nUpdateMod TRANSFORMATIONSERVICE 
	FML Language Providers: 
		kotlinforforge@5.9.0
		__fabric_loader_bootstrap@2.5.29+0.16.0+1.21
		javafml@4.0
		lowcodefml@4.0
		minecraft@4.0
	Mod List: 
		ActionLib-1.10.1-neoforge.jar                     |ActionLib                     |actionlib                     |1.10.1              |Manifest: NOSIGNATURE
		AdvancedAE-1.2.5-1.21.1.jar                       |Advanced AE                   |advanced_ae                   |1.2.5-1.21.1        |Manifest: NOSIGNATURE
		AE2MEGAThings-1.21.1-2.0.4.jar                    |AE2 MEGA Things               |ae2_mega_things               |2.0.4               |Manifest: NOSIGNATURE
		AE2-Things-1.4.2-beta.jar                         |AE2 Things                    |ae2things                     |1.4.2-beta          |Manifest: NOSIGNATURE
		ae2ct-1.21.1-1.1.0.jar                            |AE2:Crafting Tree             |ae2ct                         |1.21.1-1.1.0        |Manifest: NOSIGNATURE
		ae2wtlib-19.2.5.jar                               |AE2WTLib                      |ae2wtlib                      |19.2.5              |Manifest: NOSIGNATURE
		de.mari_023.ae2wtlib_api-19.2.5.jar               |AE2WTLib API                  |ae2wtlib_api                  |19.2.5              |Manifest: NOSIGNATURE
		aeinfinitybooster-neoforge-1.21.1-1.0.0.52.jar    |AEInfinityBooster             |aeinfinitybooster             |1.21.1-1.0.0.52     |Manifest: NOSIGNATURE
		alltheleaks-0.1.27-beta+1.21.1-neoforge.jar       |All The Leaks                 |alltheleaks                   |0.1.27-beta+1.21.1-n|Manifest: NOSIGNATURE
		appleskin-neoforge-mc1.21-3.0.7.jar               |AppleSkin                     |appleskin                     |3.0.7+mc1.21        |Manifest: NOSIGNATURE
		appliedenergistics2-19.2.15.jar                   |Applied Energistics 2         |ae2                           |19.2.15             |Manifest: NOSIGNATURE
		Applied-Mekanistics-1.6.2.jar                     |Applied Mekanistics           |appmek                        |1.6.2               |Manifest: NOSIGNATURE
		appliede-1.0.8-beta.jar                           |AppliedE                      |appliede                      |1.0.8-beta          |Manifest: NOSIGNATURE
		architectury-13.0.8-neoforge.jar                  |Architectury                  |architectury                  |13.0.8              |Manifest: NOSIGNATURE
		badpackets-neo-0.8.2.jar                          |Bad Packets                   |badpackets                    |0.8.2               |Manifest: NOSIGNATURE
		BetterTitleScreen-neoforge-1.21-1.14.0.jar        |BetterTitleScreen             |bettertitlescreen             |1.14.0              |Manifest: NOSIGNATURE
		bigger_ae2-1.21.1-1.4.8.jar                       |Bigger AE2                    |bigger_ae2                    |1.4.8               |Manifest: NOSIGNATURE
		bookshelf-neoforge-1.21.1-21.1.67.jar             |Bookshelf                     |bookshelf                     |21.1.67             |Manifest: NOSIGNATURE
		BrandonsCore-1.21.1-3.2.1.307.jar                 |Brandon's Core                |brandonscore                  |3.2.1.307           |Manifest: 53:bb:a0:11:bd:61:e2:1a:e2:cb:fd:f8:4f:e4:cd:a5:cc:12:f4:43:f0:78:68:3b:e1:62:c6:78:3b:27:ff:fe
		buildinggadgets2-1.3.9.jar                        |Building Gadgets 2            |buildinggadgets2              |1.3.9               |Manifest: NOSIGNATURE
		carryon-neoforge-1.21.1-2.2.2.11.jar              |Carry On                      |carryon                       |2.2.2               |Manifest: NOSIGNATURE
		chat_heads-0.13.20-neoforge-1.21.jar              |Chat Heads                    |chat_heads                    |0.13.20             |Manifest: NOSIGNATURE
		ChatImage-1.4.7+1.21.0+neoforge.jar               |ChatImage                     |chatimage                     |1.4.7+1.21.0+neoforg|Manifest: NOSIGNATURE
		cloth-config-15.0.140-neoforge.jar                |Cloth Config v15 API          |cloth_config                  |15.0.140            |Manifest: NOSIGNATURE
		CodeChickenLib-1.21.1-4.6.1.524.jar               |CodeChicken Lib               |codechickenlib                |4.6.1.524           |Manifest: 31:e6:db:63:47:4a:6e:e0:0a:2c:11:d1:76:db:4e:82:ff:56:2d:29:93:d2:e5:02:bd:d3:bd:9d:27:47:a5:71
		commoncapabilities-1.21.1-neoforge-2.9.12.jar     |CommonCapabilities            |commoncapabilities            |2.9.12              |Manifest: NOSIGNATURE
		conditional-mixin-neoforge-0.6.4.jar              |conditional mixin             |conditional_mixin             |0.6.4               |Manifest: NOSIGNATURE
		configured-neoforge-1.21.1-2.6.0.jar              |Configured                    |configured                    |2.6.0               |Manifest: 0d:78:5f:44:c0:47:0c:8c:e2:63:a3:04:43:d4:12:7d:b0:7c:35:37:dc:40:b1:c1:98:ec:51:eb:3b:3c:45:99
		connectedglass-1.1.14-neoforge-mc1.21.jar         |Connected Glass               |connectedglass                |1.1.14              |Manifest: NOSIGNATURE
		CTM-1.21-1.2.1+3.jar                              |ConnectedTexturesMod          |ctm                           |1.21-1.2.1+3        |Manifest: NOSIGNATURE
		ConstructionSticks-1.21.1-1.2.2.jar               |Construction Sticks           |constructionstick             |1.2.2               |Manifest: NOSIGNATURE
		coroutil-neoforge-1.21.0-1.3.8.jar                |CoroUtil                      |coroutil                      |1.21.0-1.3.8        |Manifest: NOSIGNATURE
		create-1.21.1-6.0.6.jar                           |Create                        |create                        |6.0.6               |Manifest: NOSIGNATURE
		createaddition-1.5.1.jar                          |Create Crafts & Additions     |createaddition                |1.5.1               |Manifest: NOSIGNATURE
		createliquidfuel-2.1.1-1.21.1.jar                 |Create Liquid Fuel            |createliquidfuel              |2.1.1-1.21.1        |Manifest: NOSIGNATURE
		create-stuff-additions1.21.1_v2.1.0e.jar          |Create Stuff 'N Additions     |create_sa                     |2.1.0.              |Manifest: NOSIGNATURE
		bellsandwhistles-0.4.7-1.21.1.jar                 |Create: Bells & Whistles      |bellsandwhistles              |0.4.7-1.21.1        |Manifest: NOSIGNATURE
		create_connected-1.1.6-mc1.21.1.jar               |Create: Connected             |create_connected              |1.1.6-mc1.21.1      |Manifest: NOSIGNATURE
		create-dragons-plus-1.6.1.jar                     |Create: Dragons Plus          |create_dragons_plus           |1.6.1               |Manifest: NOSIGNATURE
		create-enchantment-industry-2.1.7.jar             |Create: Enchantment Industry  |create_enchantment_industry   |2.1.7               |Manifest: NOSIGNATURE
		create_things_and_misc-4.0-neoforge-1.21.1.jar    |create: things and misc       |create_things_and_misc        |1.0.0               |Manifest: NOSIGNATURE
		curios-neoforge-9.5.1+1.21.1.jar                  |Curios API                    |curios                        |9.5.1+1.21.1        |Manifest: NOSIGNATURE
		CustomWindowTitle-NeoForge.jar                    |Custom Window Title           |customwindowtitle             |1.4.1               |Manifest: NOSIGNATURE
		cyclopscore-1.21.1-neoforge-1.26.2-808.jar        |Cyclops Core                  |cyclopscore                   |1.26.2              |Manifest: NOSIGNATURE
		Draconic-Evolution-1.21.1-3.1.3.625.jar           |Draconic Evolution            |draconicevolution             |3.1.3.625           |Manifest: 53:bb:a0:11:bd:61:e2:1a:e2:cb:fd:f8:4f:e4:cd:a5:cc:12:f4:43:f0:78:68:3b:e1:62:c6:78:3b:27:ff:fe
		dynamiclights-1.21.1.2NF.jar                      |Dynamic Lights                |dynamiclights                 |1.21.1.2NF          |Manifest: NOSIGNATURE
		easydisenchanting-neoforge-1.0.1-1.21.1.jar       |Easy Disenchanting            |easydisenchanting             |1.0.1               |Manifest: NOSIGNATURE
		EdivadLib-1.21-3.0.0.jar                          |EdivadLib                     |edivadlib                     |3.0.0               |Manifest: NOSIGNATURE
		embeddium-1.0.15+mc1.21.1.jar                     |Embeddium                     |embeddium                     |1.0.15+mc1.21.1     |Manifest: NOSIGNATURE
		rubidium-extra-0.5.7e+mc1.21-build.132.jar        |Embeddium Extra               |embeddium_extra               |0.5.7e+mc1.21-build.|Manifest: NOSIGNATURE
		EnchantingInfuser-v21.1.2-1.21.1-NeoForge.jar     |Enchanting Infuser            |enchantinginfuser             |21.1.2              |Manifest: NOSIGNATURE
		com.enderio.endercore-7.1.8-alpha.jar             |Ender Core                    |endercore                     |7.1.8-alpha         |Manifest: NOSIGNATURE
		enderio-7.1.8-alpha.jar                           |Ender IO                      |enderio                       |7.1.8-alpha         |Manifest: NOSIGNATURE
		com.enderio.enderio-armory-7.1.8-alpha.jar        |Ender IO Armory               |enderio_armory                |7.1.8-alpha         |Manifest: NOSIGNATURE
		com.enderio.enderio-base-7.1.8-alpha.jar          |Ender IO Base                 |enderio_base                  |7.1.8-alpha         |Manifest: NOSIGNATURE
		com.enderio.enderio-conduits-7.1.8-alpha.jar      |Ender IO Conduits             |enderio_conduits              |7.1.8-alpha         |Manifest: NOSIGNATURE
		com.enderio.enderio-machines-7.1.8-alpha.jar      |Ender IO Machines             |enderio_machines              |7.1.8-alpha         |Manifest: NOSIGNATURE
		com.enderio.enderio-conduits-modded-7.1.8-alpha.ja|Ender IO Modded Conduits      |enderio_conduits_modded       |7.1.8-alpha         |Manifest: NOSIGNATURE
		entangled-1.3.20a-neoforge-mc1.21.jar             |Entangled                     |entangled                     |1.3.20+a            |Manifest: NOSIGNATURE
		entityculling-neoforge-1.8.2-mc1.21.jar           |EntityCulling                 |entityculling                 |1.8.2               |Manifest: NOSIGNATURE
		explorerscompass-edited-1.21.1-3.0.3-neoforge.jar |Explorer's Compass            |explorerscompass              |1.21.1-3.0.3-neoforg|Manifest: NOSIGNATURE
		ExtendedAE-1.21-2.2.18-neoforge.jar               |ExtendedAE                    |extendedae                    |1.21-2.2.18-neoforge|Manifest: NOSIGNATURE
		ExtraStorage-1.21.1-5.0.5.jar                     |ExtraStorage                  |extrastorage                  |5.0.5               |Manifest: NOSIGNATURE
		ExtremeReactors2-1.21.1-2.4.24.jar                |Extreme Reactors              |bigreactors                   |1.21.1-2.4.24       |Manifest: NOSIGNATURE
		FluxNetworks-1.21.1-8.0.0.jar                     |Flux Networks                 |fluxnetworks                  |8.0.0               |Manifest: NOSIGNATURE
		flywheel-neoforge-1.21.1-1.0.4.jar                |Flywheel                      |flywheel                      |1.0.4               |Manifest: NOSIGNATURE
		forgified-fabric-api-0.115.6+2.1.0+1.21.1.jar     |Forgified Fabric API          |fabric_api                    |0.115.6+2.1.0+1.21.1|Manifest: NOSIGNATURE
		fabric-api-base-0.4.42+d1308ded19.jar             |Forgified Fabric API Base     |fabric_api_base               |0.4.42+d1308ded19   |Manifest: NOSIGNATURE
		fabric-api-lookup-api-v1-1.6.70+c21168c319.jar    |Forgified Fabric API Lookup AP|fabric_api_lookup_api_v1      |1.6.70+c21168c319   |Manifest: NOSIGNATURE
		fabric-biome-api-v1-13.0.31+1e62d33c19.jar        |Forgified Fabric Biome API (v1|fabric_biome_api_v1           |13.0.31+1e62d33c19  |Manifest: NOSIGNATURE
		fabric-block-api-v1-1.0.22+a6e994cd19.jar         |Forgified Fabric Block API (v1|fabric_block_api_v1           |1.0.22+a6e994cd19   |Manifest: NOSIGNATURE
		fabric-blockrenderlayer-v1-1.1.52+b089b4bd19.jar  |Forgified Fabric BlockRenderLa|fabric_blockrenderlayer_v1    |1.1.52+b089b4bd19   |Manifest: NOSIGNATURE
		fabric-block-view-api-v2-1.0.11+e9036fd419.jar    |Forgified Fabric BlockView API|fabric_block_view_api_v2      |1.0.11+e9036fd419   |Manifest: NOSIGNATURE
		fabric-client-tags-api-v1-1.1.15+e053909619.jar   |Forgified Fabric Client Tags  |fabric_client_tags_api_v1     |1.1.15+e053909619   |Manifest: NOSIGNATURE
		fabric-command-api-v2-2.2.28+36d727be19.jar       |Forgified Fabric Command API (|fabric_command_api_v2         |2.2.28+36d727be19   |Manifest: NOSIGNATURE
		fabric-content-registries-v0-8.0.18+0a0c14ff19.jar|Forgified Fabric Content Regis|fabric_content_registries_v0  |8.0.18+0a0c14ff19   |Manifest: NOSIGNATURE
		fabric-convention-tags-v1-2.1.4+7f945d5b19.jar    |Forgified Fabric Convention Ta|fabric_convention_tags_v1     |2.1.4+7f945d5b19    |Manifest: NOSIGNATURE
		fabric-convention-tags-v2-2.11.0+87e5848019.jar   |Forgified Fabric Convention Ta|fabric_convention_tags_v2     |2.11.0+87e5848019   |Manifest: NOSIGNATURE
		fabric-data-attachment-api-v1-1.4.3+58235da019.jar|Forgified Fabric Data Attachme|fabric_data_attachment_api_v1 |1.4.3+58235da019    |Manifest: NOSIGNATURE
		fabric-data-generation-api-v1-20.2.28+2d91a6db19.j|Forgified Fabric Data Generati|fabric_data_generation_api_v1 |20.2.28+2d91a6db19  |Manifest: NOSIGNATURE
		fabric-entity-events-v1-1.7.0+1af6e62419.jar      |Forgified Fabric Entity Events|fabric_entity_events_v1       |1.7.0+1af6e62419    |Manifest: NOSIGNATURE
		fabric-events-interaction-v0-0.7.13+7b71cc1619.jar|Forgified Fabric Events Intera|fabric_events_interaction_v0  |0.7.13+7b71cc1619   |Manifest: NOSIGNATURE
		fabric-game-rule-api-v1-1.0.53+36d727be19.jar     |Forgified Fabric Game Rule API|fabric_game_rule_api_v1       |1.0.53+36d727be19   |Manifest: NOSIGNATURE
		fabric-gametest-api-v1-2.0.5+29f188ce19.jar       |Forgified Fabric Game Test API|fabric_gametest_api_v1        |2.0.5+29f188ce19    |Manifest: NOSIGNATURE
		fabric-item-api-v1-11.1.1+57cdfa8219.jar          |Forgified Fabric Item API (v1)|fabric_item_api_v1            |11.1.1+57cdfa8219   |Manifest: NOSIGNATURE
		fabric-item-group-api-v1-4.1.7+e324903319.jar     |Forgified Fabric Item Group AP|fabric_item_group_api_v1      |4.1.7+e324903319    |Manifest: NOSIGNATURE
		fabric-key-binding-api-v1-1.0.47+62cc7ce119.jar   |Forgified Fabric Key Binding A|fabric_key_binding_api_v1     |1.0.47+62cc7ce119   |Manifest: NOSIGNATURE
		fabric-lifecycle-events-v1-2.5.0+a2ee258a19.jar   |Forgified Fabric Lifecycle Eve|fabric_lifecycle_events_v1    |2.5.0+a2ee258a19    |Manifest: NOSIGNATURE
		fabric-loot-api-v2-3.0.15+a3ee712d19.jar          |Forgified Fabric Loot API (v2)|fabric_loot_api_v2            |3.0.15+a3ee712d19   |Manifest: NOSIGNATURE
		fabric-loot-api-v3-1.0.3+333dfad919.jar           |Forgified Fabric Loot API (v3)|fabric_loot_api_v3            |1.0.3+333dfad919    |Manifest: NOSIGNATURE
		fabric-message-api-v1-6.0.13+e053909619.jar       |Forgified Fabric Message API (|fabric_message_api_v1         |6.0.13+e053909619   |Manifest: NOSIGNATURE
		fabric-model-loading-api-v1-2.0.0+986ae77219.jar  |Forgified Fabric Model Loading|fabric_model_loading_api_v1   |2.0.0+986ae77219    |Manifest: NOSIGNATURE
		fabric-networking-api-v1-4.3.0+4f690eb619.jar     |Forgified Fabric Networking AP|fabric_networking_api_v1      |4.3.0+4f690eb619    |Manifest: NOSIGNATURE
		fabric-object-builder-api-v1-15.2.1+cc242efd19.jar|Forgified Fabric Object Builde|fabric_object_builder_api_v1  |15.2.1+cc242efd19   |Manifest: NOSIGNATURE
		fabric-particles-v1-4.0.2+824f924c19.jar          |Forgified Fabric Particles (v1|fabric_particles_v1           |4.0.2+824f924c19    |Manifest: NOSIGNATURE
		fabric-recipe-api-v1-5.0.14+59440bcc19.jar        |Forgified Fabric Recipe API (v|fabric_recipe_api_v1          |5.0.14+59440bcc19   |Manifest: NOSIGNATURE
		fabric-registry-sync-v0-5.2.0+867470b919.jar      |Forgified Fabric Registry Sync|fabric_registry_sync_v0       |5.2.0+867470b919    |Manifest: NOSIGNATURE
		fabric-renderer-indigo-1.7.0+4198af7119.jar       |Forgified Fabric Renderer - In|fabric_renderer_indigo        |1.7.0+4198af7119    |Manifest: NOSIGNATURE
		fabric-renderer-api-v1-3.4.0+9c40919e19.jar       |Forgified Fabric Renderer API |fabric_renderer_api_v1        |3.4.0+9c40919e19    |Manifest: NOSIGNATURE
		fabric-rendering-v1-5.0.5+077ba95f19.jar          |Forgified Fabric Rendering (v1|fabric_rendering_v1           |5.0.5+077ba95f19    |Manifest: NOSIGNATURE
		fabric-rendering-data-attachment-v1-0.3.49+73761d2|Forgified Fabric Rendering Dat|fabric_rendering_data_attachme|0.3.49+73761d2e19   |Manifest: NOSIGNATURE
		fabric-rendering-fluids-v1-3.1.6+857185bc19.jar   |Forgified Fabric Rendering Flu|fabric_rendering_fluids_v1    |3.1.6+857185bc19    |Manifest: NOSIGNATURE
		fabric-resource-conditions-api-v1-4.3.0+5bdd099819|Forgified Fabric Resource Cond|fabric_resource_conditions_api|4.3.0+5bdd099819    |Manifest: NOSIGNATURE
		fabric-resource-loader-v0-1.3.1+4ea8954419.jar    |Forgified Fabric Resource Load|fabric_resource_loader_v0     |1.3.1+4ea8954419    |Manifest: NOSIGNATURE
		fabric-screen-api-v1-2.0.25+4228281319.jar        |Forgified Fabric Screen API (v|fabric_screen_api_v1          |2.0.25+4228281319   |Manifest: NOSIGNATURE
		fabric-screen-handler-api-v1-1.3.88+8dbc56dd19.jar|Forgified Fabric Screen Handle|fabric_screen_handler_api_v1  |1.3.88+8dbc56dd19   |Manifest: NOSIGNATURE
		fabric-sound-api-v1-1.0.23+10b84f8419.jar         |Forgified Fabric Sound API (v1|fabric_sound_api_v1           |1.0.23+10b84f8419   |Manifest: NOSIGNATURE
		fabric-transfer-api-v1-5.4.2+a25cb45619.jar       |Forgified Fabric Transfer API |fabric_transfer_api_v1        |5.4.2+a25cb45619    |Manifest: NOSIGNATURE
		fabric-transitive-access-wideners-v1-6.2.0+6c854b6|Forgified Fabric Transitive Ac|fabric_transitive_access_widen|6.2.0+6c854b6f19    |Manifest: NOSIGNATURE
		ftbbackups2-neoforge-1.21-1.0.28.jar              |FTB Backups 2                 |ftbbackups2                   |1.0.28              |Manifest: NOSIGNATURE
		ftb-chunks-neoforge-2101.1.9.jar                  |FTB Chunks                    |ftbchunks                     |2101.1.9            |Manifest: NOSIGNATURE
		ftb-library-neoforge-2101.1.19.jar                |FTB Library                   |ftblibrary                    |2101.1.19           |Manifest: NOSIGNATURE
		ftb-quests-neoforge-2101.1.14.jar                 |FTB Quests                    |ftbquests                     |2101.1.14           |Manifest: NOSIGNATURE
		ftb-teams-neoforge-2101.1.2.jar                   |FTB Teams                     |ftbteams                      |2101.1.2            |Manifest: NOSIGNATURE
		ftb-ultimine-neoforge-2101.1.7.jar                |FTB Ultimine                  |ftbultimine                   |2101.1.7            |Manifest: NOSIGNATURE
		ftb-xmod-compat-neoforge-21.1.5.jar               |FTB XMod Compat               |ftbxmodcompat                 |21.1.5              |Manifest: NOSIGNATURE
		functionalstorage-1.21.1-1.5.3.jar                |Functional Storage            |functionalstorage             |1.21.1-1.5.3        |Manifest: NOSIGNATURE
		fusion-1.2.10-neoforge-mc1.21.jar                 |Fusion                        |fusion                        |1.2.10              |Manifest: NOSIGNATURE
		geckolib-neoforge-1.21.1-4.7.6.jar                |GeckoLib 4                    |geckolib                      |4.7.6               |Manifest: NOSIGNATURE
		Glodium-1.21-2.2-neoforge.jar                     |Glodium                       |glodium                       |1.21-2.2-neoforge   |Manifest: NOSIGNATURE
		guideme-21.1.14.jar                               |GuideME                       |guideme                       |21.1.14             |Manifest: NOSIGNATURE
		IMBlocker-5.4.2-neoforge-1.20.6+.jar              |IMBlocker                     |imblocker                     |5.4.2               |Manifest: NOSIGNATURE
		ImmersiveEngineering-1.21.1-12.4.2-194.jar        |Immersive Engineering         |immersiveengineering          |12.4.2-194          |Manifest: NOSIGNATURE
		integratedcrafting-1.21.1-neoforge-1.2.3-349.jar  |IntegratedCrafting            |integratedcrafting            |1.2.3               |Manifest: NOSIGNATURE
		integrateddynamics-1.21.1-neoforge-1.27.9-1306.jar|IntegratedDynamics            |integrateddynamics            |1.27.9              |Manifest: NOSIGNATURE
		integratedterminals-1.21.1-neoforge-1.6.15.jar    |IntegratedTerminals           |integratedterminals           |1.6.15              |Manifest: NOSIGNATURE
		integratedtunnels-1.21.1-neoforge-1.8.44-481.jar  |IntegratedTunnels             |integratedtunnels             |1.8.44              |Manifest: NOSIGNATURE
		InventoryProfilesNext-neoforge-1.21-2.1.11.jar    |Inventory Profiles Next       |inventoryprofilesnext         |2.1.11              |Manifest: NOSIGNATURE
		jerintegration-6.5.0.jar                          |JER Integration               |jerintegration                |6.5.0               |Manifest: NOSIGNATURE
		jecharacters-1.21-neoforge-4.5.22.jar             |Just Enough Characters        |jecharacters                  |4.5.22              |Manifest: NOSIGNATURE
		jeimultiblocks-1.21.1-1.0.4.jar                   |Just Enough Immersive Multiblo|jeimultiblocks                |1.0.4               |Manifest: NOSIGNATURE
		jei-1.21.1-neoforge-19.22.1.316.jar               |Just Enough Items             |jei                           |19.22.1.316         |Manifest: NOSIGNATURE
		JustEnoughMekanismMultiblocks-1.21.1-7.7.jar      |Just Enough Mekanism Multibloc|jei_mekanism_multiblocks      |7.7                 |Manifest: NOSIGNATURE
		JustEnoughResources-NeoForge-1.21.1-1.6.0.17.jar  |Just Enough Resources         |jeresources                   |1.6.0.17            |Manifest: NOSIGNATURE
		thedarkcolour.kffmod-5.9.0.jar                    |Kotlin For Forge              |kotlinforforge                |5.9.0               |Manifest: NOSIGNATURE
		krypton-neoforge-1.21.1-0.2.20.jar                |Krypton FNP                   |krypton                       |0.2.20              |Manifest: NOSIGNATURE
		kubejs-neoforge-2101.7.1-build.181.jar            |KubeJS                        |kubejs                        |2101.7.1-build.181  |Manifest: NOSIGNATURE
		kubejs_enderio-neoforge-1.21.1-0.7.2.jar          |KubeJS EnderIO                |kubejs_enderio                |1.21.1-0.7.2        |Manifest: NOSIGNATURE
		kubejs-mekanism-neoforge-2101.1.6-build.6.jar     |KubeJS Mekanism               |kubejs_mekanism               |2101.1.6-build.6    |Manifest: NOSIGNATURE
		lanserverproperties-1.13.2-neoforge.jar           |Lan Server Properties         |lanserverproperties           |1.13.2              |Manifest: NOSIGNATURE
		libIPN-neoforge-1.21-6.5.1.jar                    |libIPN                        |libipn                        |6.5.1               |Manifest: NOSIGNATURE
		lithium-neoforge-0.15.0+mc1.21.1.jar              |Lithium                       |lithium                       |0.15.0+mc1.21.1     |Manifest: NOSIGNATURE
		megacells-4.10.1.jar                              |MEGA Cells                    |megacells                     |4.10.1              |Manifest: NOSIGNATURE
		Mekanism-1.21.1-10.7.15.81.jar                    |Mekanism                      |mekanism                      |10.7.15             |Manifest: NOSIGNATURE
		mekanism_unleashed-0.3.2.jar                      |Mekanism Unleashed            |mekanism_unleashed            |1.21.1-0.3.2        |Manifest: NOSIGNATURE
		MekanismAdditions-1.21.1-10.7.15.81.jar           |Mekanism: Additions           |mekanismadditions             |10.7.15             |Manifest: NOSIGNATURE
		MekanismGenerators-1.21.1-10.7.15.81.jar          |Mekanism: Generators          |mekanismgenerators            |10.7.15             |Manifest: NOSIGNATURE
		client-1.21.1-20240808.144430-srg.jar             |Minecraft                     |minecraft                     |1.21.1              |Manifest: a1:d4:5e:04:4f:d3:d6:e0:7b:37:97:cf:77:b0:de:ad:4a:47:ce:8c:96:49:5f:0a:cf:8c:ae:b2:6d:4b:8a:3f
		dummmmmmy-1.21-2.0.9-neoforge.jar                 |MmmMmmMmmMmm                  |dummmmmmy                     |1.21-2.0.9          |Manifest: NOSIGNATURE
		ModernUI-NeoForge-1.21.1-3.11.1.9-universal.jar   |Modern UI                     |modernui                      |3.11.1.9            |Manifest: 01:c4:52:25:b1:6e:5f:ac:fe:88:35:7e:cf:65:2f:69:1d:56:db:2b:93:f8:dd:7c:93:47:04:8c:e4:22:13:91
		modernfix-neoforge-5.24.3+mc1.21.1.jar            |ModernFix                     |modernfix                     |5.24.3+mc1.21.1     |Manifest: NOSIGNATURE
		modular-routers-13.2.3+mc1.21.1.jar               |Modular Routers               |modularrouters                |13.2.3              |Manifest: NOSIGNATURE
		moonlight-1.21-2.20.7-neoforge.jar                |Moonlight Lib                 |moonlight                     |1.21-2.20.7         |Manifest: NOSIGNATURE
		morefunctionalstorage-1.2.2.jar                   |More Functional Storage       |morefunctionalstorage         |1.2.2               |Manifest: NOSIGNATURE
		MouseTweaks-neoforge-mc1.21-2.26.1.jar            |Mouse Tweaks                  |mousetweaks                   |2.26.1              |Manifest: NOSIGNATURE
		NaturesCompass-1.21.1-3.0.3-neoforge.jar          |Nature's Compass              |naturescompass                |1.21.1-3.0.2-neoforg|Manifest: NOSIGNATURE
		neoforge-21.1.197-universal.jar                   |NeoForge                      |neoforge                      |21.1.197            |Manifest: NOSIGNATURE
		OpenLoader-neoforge-1.21.1-21.1.5.jar             |OpenLoader                    |openloader                    |21.1.5              |Manifest: NOSIGNATURE
		PackagedAuto-1.21.1-4.0.5.15.jar                  |PackagedAuto                  |packagedauto                  |4.0.5.15            |Manifest: NOSIGNATURE
		PackagedAvaritia-Re-1.21.1-3.0.1.5.jar            |PackagedAvaritia:Re           |packagedavaritia              |3.0.1.5             |Manifest: NOSIGNATURE
		PackagedDraconic-1.21.1-4.0.0.0.jar               |PackagedDraconic              |packageddraconic              |4.0.0.0             |Manifest: NOSIGNATURE
		Patchouli-1.21.1-92-NEOFORGE.jar                  |Patchouli                     |patchouli                     |1.21.1-92-NEOFORGE  |Manifest: NOSIGNATURE
		pipez-neoforge-1.21.1-1.2.19.jar                  |Pipez                         |pipez                         |1.21.1-1.2.19       |Manifest: NOSIGNATURE
		polylib-2100.0.3-build.172-neoforge.jar           |PolyLib                       |polylib                       |2100.0.3-build.172  |Manifest: NOSIGNATURE
		polymorph-neoforge-1.1.0+1.21.1.jar               |Polymorph                     |polymorph                     |1.1.0+1.21.1        |Manifest: NOSIGNATURE
		polyeng-0.4.1.jar                                 |Polymorphic Energistics       |polyeng                       |0.4.1               |Manifest: NOSIGNATURE
		Ponder-NeoForge-1.21.1-1.0.56.jar                 |Ponder                        |ponder                        |1.0.56              |Manifest: NOSIGNATURE
		ponderjs-neoforge-1.21.1-2.1.3.jar                |PonderJS                      |ponderjs                      |1.21.1-2.1.3        |Manifest: NOSIGNATURE
		prickle-neoforge-1.21.1-21.1.8.jar                |PrickleMC                     |prickle                       |21.1.8              |Manifest: NOSIGNATURE
		ProbeJS-7.5.1.jar                                 |ProbeJS                       |probejs                       |7.5.1               |Manifest: NOSIGNATURE
		projectexpansion-1.21.1-1.0.1.jar                 |Project Expansion             |projectexpansion              |1.0.1               |Manifest: 16:32:1c:48:e2:f7:71:f1:1b:23:7f:74:d8:e6:89:43:6a:a8:33:8f:49:17:6a:11:19:cd:66:4b:88:c1:02:19
		ProjectE-1.21.1-PE1.1.0.jar                       |ProjectE                      |projecte                      |1.1.0               |Manifest: NOSIGNATURE
		PuzzlesLib-v21.1.38-1.21.1-NeoForge.jar           |Puzzles Lib                   |puzzleslib                    |21.1.38             |Manifest: NOSIGNATURE
		Re-Avaritia-neoforge-1.21.1-1.3.9.0-beta4-fix2.jar|Re-Avaritia                   |avaritia                      |1.3.9.0             |Manifest: NOSIGNATURE
		refinedstorage-neoforge-2.0.0-beta.9.jar          |Refined Storage               |refinedstorage                |2.0.0-beta.9        |Manifest: NOSIGNATURE
		rhino-2101.2.7-build.77.jar                       |Rhino                         |rhino                         |2101.2.7-build.77   |Manifest: NOSIGNATURE
		rsinfinitybooster-neoforge-1.21.1-1.0.0.48.jar    |RSInfinityBooster             |rsinfinitybooster             |1.21.1-1.0.0.48     |Manifest: NOSIGNATURE
		RuOK-1.21.1-neoforge-1.7.0.jar                    |RuOK Mod                      |ruokmod                       |1.7.0               |Manifest: NOSIGNATURE
		sit-1.21.1-1.4.jar                                |Sit                           |sit                           |1.4                 |Manifest: NOSIGNATURE
		supermartijn642configlib-1.1.8-neoforge-mc1.21.jar|SuperMartijn642's Config Libra|supermartijn642configlib      |1.1.8               |Manifest: NOSIGNATURE
		supermartijn642corelib-1.1.18a-neoforge-mc1.21.jar|SuperMartijn642's Core Lib    |supermartijn642corelib        |1.1.18+a            |Manifest: NOSIGNATURE
		tiab-neoforge-6.5.0.jar                           |Time In A Bottle              |tiab                          |6.5.0               |Manifest: NOSIGNATURE
		tiabcurio-neoforge-1.21.1-3.0.1.jar               |Time in a bottle Curio Support|tiabcurio                     |3.0.1               |Manifest: NOSIGNATURE
		tipsmod-neoforge-1.21.1-21.1.2.jar                |Tips                          |tipsmod                       |21.1.2              |Manifest: NOSIGNATURE
		titanium-1.21-4.0.40.jar                          |Titanium                      |titanium                      |4.0.40              |Manifest: NOSIGNATURE
		TRansition-1.0.3-1.21-neoforge-SNAPSHOT.jar       |TRansition                    |transition                    |1.0.3               |Manifest: NOSIGNATURE
		TRender-1.0.5-1.21-neoforge-SNAPSHOT.jar          |TRender                       |trender                       |1.0.5               |Manifest: NOSIGNATURE
		txnilib-neoforge-1.0.24-1.21.1.jar                |TxniLib                       |txnilib                       |1.0.24              |Manifest: NOSIGNATURE
		vanillin-neoforge-1.21.1-1.1.3.jar                |Vanillin                      |vanillin                      |1.1.3               |Manifest: NOSIGNATURE
		watut-neoforge-1.21.0-1.2.7.jar                   |What Are They Up To           |watut                         |1.21.0-1.2.7        |Manifest: NOSIGNATURE
		wthit-neo-12.5.4.jar                              |wthit                         |wthit                         |12.5.4              |Manifest: NOSIGNATURE
		Xaeros_Minimap_25.2.10_NeoForge_1.21.jar          |Xaero's Minimap               |xaerominimap                  |25.2.10             |Manifest: NOSIGNATURE
		XaerosWorldMap_1.39.12_NeoForge_1.21.jar          |Xaero's World Map             |xaeroworldmap                 |1.39.12             |Manifest: NOSIGNATURE
		xplus-autofish-1.3.3-neoforged-mc1.21.1.jar       |XPlus AutoFish                |autofish                      |1.3.3-neoforged     |Manifest: NOSIGNATURE
		ZeroCore2-1.21.1-2.4.18.jar                       |Zero CORE 2                   |zerocore                      |1.21.1-2.4.18       |Manifest: NOSIGNATURE
[188月2025 20:43:44.503] [Render thread/INFO] [STDOUT/]: [net.minecraft.server.Bootstrap:realStdoutPrintln:135]: #@!@# Game crashed! Crash report saved to: #@!@# E:\game\Minecraft\PCL2\.minecraft\versions\EMC & FE +++\crash-reports\crash-2025-08-18_20.43.44-client.txt
